record_date,parent_id,classification_id,classification_desc,current_month_gross_outly_amt,current_month_app_rcpt_amt,current_month_net_outly_amt,current_fytd_gross_outly_amt,current_fytd_app_rcpt_amt,current_fytd_net_outly_amt,prior_fytd_gross_outly_amt,prior_fytd_app_rcpt_amt,prior_fytd_net_outly_amt,table_nbr,src_line_nbr,print_order_nbr,line_code_nbr,data_type_cd,record_type_cd,sequence_level_nbr,sequence_number_cd,record_fiscal_year,record_fiscal_quarter,record_calendar_year,record_calendar_quarter,record_calendar_month,record_calendar_day
2018-10-31,35158612,35158649,Farm Service Agency:,null,null,null,null,null,null,null,null,null,5,35,35,1420,S,B,2,3.7,2019,1,2018,4,10,31
2018-10-31,35159248,35159322,Other,31861022.44,null,31861022.44,31861022.44,null,31861022.44,23648864.58,null,23648864.58,5,310,310,3265,D,P,2,10.6,2019,1,2018,4,10,31
2018-10-31,35159900,35159902,Formula Grants,381709.00,null,381709.00,381709.00,null,381709.00,728195.00,null,728195.00,5,448,448,3963,D,P,3,15.7.1,2019,1,2018,4,10,31
2018-10-31,null,35159784,Department of State:,null,null,null,null,null,null,null,null,null,5,406,406,3702,S,C,1,14,2019,1,2018,4,10,31
2018-10-31,null,35160261,Small Business Administration:,null,null,null,null,null,null,null,null,null,5,637,637,4437,S,C,1,27,2019,1,2018,4,10,31
2018-10-31,35159622,35159628,Federal-State Unemployment Insurance:,null,null,null,null,null,null,null,null,null,5,382,382,3624,S,P,4,13.1.8.1,2019,1,2018,4,10,31
2018-10-31,35159564,35159622,Unemployment Trust Fund:,null,null,null,null,null,null,null,null,null,5,381,381,3623,S,P,3,13.1.8,2019,1,2018,4,10,31
2018-10-31,null,35158557,Legislative Branch:,null,null,null,null,null,null,null,null,null,5,1,1,1000,S,C,1,1,2019,1,2018,4,10,31
2018-10-31,35158557,35158559,Senate,86283122.80,122715.97,86160406.83,86283122.80,122715.97,86160406.83,79842009.53,117535.34,79724474.19,5,2,2,1002,D,B,2,1.1,2019,1,2018,4,10,31
2018-10-31,35158557,35158562,House of Representatives,109316367.19,158282.72,109158084.47,109316367.19,158282.72,109158084.47,102038233.82,161599.56,101876634.26,5,3,3,1005,D,B,2,1.2,2019,1,2018,4,10,31
2018-10-31,35158557,35158564,Joint Items,1632028.26,null,1632028.26,1632028.26,null,1632028.26,1814982.19,null,1814982.19,5,4,4,1010,D,B,2,1.3,2019,1,2018,4,10,31
2018-10-31,35158557,35158568,Capitol Police,37069021.22,null,37069021.22,37069021.22,null,37069021.22,35073470.96,null,35073470.96,5,5,5,1012,D,B,2,1.4,2019,1,2018,4,10,31
2018-10-31,35158557,35158570,Congressional Budget Office,3827581.67,null,3827581.67,3827581.67,null,3827581.67,3497029.62,null,3497029.62,5,6,6,1015,D,B,2,1.5,2019,1,2018,4,10,31
2018-10-31,35158557,35158573,Architect of the Capitol,64779560.72,494714.16,64284846.56,64779560.72,494714.16,64284846.56,51551384.61,502786.23,51048598.38,5,7,7,1020,D,B,2,1.6,2019,1,2018,4,10,31
2018-10-31,35158557,35158575,Library of Congress,63386675.85,1403517.29,61983158.56,63386675.85,1403517.29,61983158.56,61011961.48,1839518.90,59172442.58,5,8,8,1030,D,B,2,1.7,2019,1,2018,4,10,31
2018-10-31,35158557,35158579,Government Printing Office,38601734.32,null,38601734.32,38601734.32,null,38601734.32,19634735.69,null,19634735.69,5,9,9,1035,D,B,2,1.8,2019,1,2018,4,10,31
2018-10-31,35158557,35158582,Government Accountability Office,41150465.57,null,41150465.57,41150465.57,null,41150465.57,39996806.30,null,39996806.30,5,10,10,1045,D,B,2,1.9,2019,1,2018,4,10,31
2018-10-31,35158557,35158585,United States Tax Court,4054420.20,null,4054420.20,4054420.20,null,4054420.20,4433079.89,null,4433079.89,5,11,11,1051,D,B,2,1.10,2019,1,2018,4,10,31
2018-10-31,35158557,35158588,Other Legislative Branch Agencies,2366024.44,null,2366024.44,2366024.44,null,2366024.44,6649162.81,null,6649162.81,5,12,12,1056,D,P,2,1.11,2019,1,2018,4,10,31
2018-10-31,35158557,35158592,Intrabudgetary Transactions,-5604807.94,null,-5604807.94,-5604807.94,null,-5604807.94,-1059556.16,null,-1059556.16,5,14,14,1058,D,P,2,1.13,2019,1,2018,4,10,31
2018-10-31,35158557,35158596,Total--Legislative Branch,446862194.30,2533400.51,444328793.79,446862194.30,2533400.51,444328793.79,404483300.74,3258090.65,401225210.09,5,15,15,1060,T,C,2,1.14,2019,1,2018,4,10,31
2018-10-31,35158598,35158600,Supreme Court of the United States,8957696.76,null,8957696.76,8957696.76,null,8957696.76,6578024.16,null,6578024.16,5,17,17,1081,D,B,2,2.1,2019,1,2018,4,10,31
2018-10-31,35158598,35158602,"Courts of Appeals, District Courts, and Other Judicial Services",670982445.89,null,670982445.89,670982445.89,null,670982445.89,626370278.54,null,626370278.54,5,18,18,1101,D,B,2,2.2,2019,1,2018,4,10,31
2018-10-31,35158598,35158604,Other,67049129.24,null,67049129.24,67049129.24,null,67049129.24,63168732.97,null,63168732.97,5,19,19,1120,D,P,2,2.3,2019,1,2018,4,10,31
2018-10-31,35158598,35158606,Proprietary Receipts from the Public,null,10488198.70,-10488198.70,null,10488198.70,-10488198.70,null,12656891.33,-12656891.33,5,20,20,1130,D,P,2,2.4,2019,1,2018,4,10,31
2018-10-31,35158598,35158608,Intrabudgetary Transactions,-64532729.51,null,-64532729.51,-64532729.51,null,-64532729.51,-62628126.78,null,-62628126.78,5,21,21,1135,D,P,2,2.5,2019,1,2018,4,10,31
2018-10-31,35158598,35158610,Total--Judicial Branch,682456542.38,10488198.70,671968343.68,682456542.38,10488198.70,671968343.68,633488908.89,12656891.33,620832017.56,5,22,22,1140,T,C,2,2.6,2019,1,2018,4,10,31
2018-10-31,35158612,35158614,Agricultural Research Service,132621659.55,null,132621659.55,132621659.55,null,132621659.55,108092395.49,null,108092395.49,5,24,24,1403,D,B,2,3.1,2019,1,2018,4,10,31
2018-10-31,35158618,35158620,Research and Education Activities,62328771.86,null,62328771.86,62328771.86,null,62328771.86,65108667.35,null,65108667.35,5,26,26,1408,D,P,3,3.2.1,2019,1,2018,4,10,31
2018-10-31,35158618,35158624,Extension Activities,53781530.92,null,53781530.92,53781530.92,null,53781530.92,40736628.80,null,40736628.80,5,27,27,1409,D,P,3,3.2.2,2019,1,2018,4,10,31
2018-10-31,35158618,35158626,Other,7750472.00,null,7750472.00,7750472.00,null,7750472.00,6541238.01,null,6541238.01,5,28,28,1410,D,P,3,3.2.3,2019,1,2018,4,10,31
2018-10-31,35158612,35158630,Animal and Plant Health Inspection Service,94125127.84,null,94125127.84,94125127.84,null,94125127.84,82251576.38,null,82251576.38,5,29,29,1412,D,B,2,3.3,2019,1,2018,4,10,31
2018-10-31,35158612,35158632,Food Safety and Inspection Service,82581705.84,null,82581705.84,82581705.84,null,82581705.84,77776548.01,null,77776548.01,5,30,30,1414,D,B,2,3.4,2019,1,2018,4,10,31
2018-10-31,35158612,35158637,Agricultural Marketing Service,104116488.17,null,104116488.17,104116488.17,null,104116488.17,65658065.70,null,65658065.70,5,31,31,1416,D,B,2,3.5,2019,1,2018,4,10,31
2018-10-31,35158639,35158643,Administrative and Operating Expenses,6377384.14,null,6377384.14,6377384.14,null,6377384.14,6473756.97,null,6473756.97,5,33,33,1418,D,P,3,3.6.1,2019,1,2018,4,10,31
2018-10-31,35158639,35158645,Federal Crop Insurance Corporation Fund,1911018219.22,3532895.51,1907485323.71,1911018219.22,3532895.51,1907485323.71,1882518581.81,1445890.22,1881072691.59,5,34,34,1419,D,P,3,3.6.2,2019,1,2018,4,10,31
2018-10-31,35158649,35158652,Salaries and Expenses,111040933.89,null,111040933.89,111040933.89,null,111040933.89,56378689.86,null,56378689.86,5,36,36,1421,D,P,3,3.7.1,2019,1,2018,4,10,31
2018-10-31,35158649,35158655,USDA Supplemental Assistance,28743.84,null,28743.84,28743.84,null,28743.84,null,null,null,5,37,37,1422,D,P,3,3.7.2,2019,1,2018,4,10,31
2018-10-31,35158649,35158657,Agricultural Disaster Relief Fund,-9100.89,null,-9100.89,-9100.89,null,-9100.89,-62219.22,null,-62219.22,5,38,38,1425,D,P,3,3.7.3,2019,1,2018,4,10,31
2018-10-31,35158649,35158661,Commodity Credit Corporation,5712013141.56,302028181.48,5409984960.08,5712013141.56,302028181.48,5409984960.08,8826383243.10,247519622.42,8578863620.68,5,39,39,1429,D,P,3,3.7.4,2019,1,2018,4,10,31
2018-10-31,35158649,35158663,Tobacco Trust Fund,202092.40,null,202092.40,202092.40,null,202092.40,null,null,null,5,40,40,1432,D,P,3,3.7.5,2019,1,2018,4,10,31
2018-10-31,35158649,35158667,Agricultural Credit Insurance Fund,61258998.60,2805560.86,58453437.74,61258998.60,2805560.86,58453437.74,61790176.25,4242427.55,57547748.70,5,41,41,1436,D,P,3,3.7.6,2019,1,2018,4,10,31
2018-10-31,35158649,35158669,Other,7574503.27,null,7574503.27,7574503.27,null,7574503.27,8505399.61,null,8505399.61,5,42,42,1438,D,P,3,3.7.7,2019,1,2018,4,10,31
2018-10-31,35158649,35158673,Total--Farm Service Agency,5892109312.67,304833742.34,5587275570.33,5892109312.67,304833742.34,5587275570.33,8952995289.60,251762049.97,8701233239.63,5,43,43,1440,T,B,3,3.7.8,2019,1,2018,4,10,31
2018-10-31,35158612,35158676,Natural Resources Conservation Service:,null,null,null,null,null,null,null,null,null,5,44,44,1442,S,B,2,3.8,2019,1,2018,4,10,31
2018-10-31,35158676,35158679,Conservation Operations,70066795.62,null,70066795.62,70066795.62,null,70066795.62,60196046.37,null,60196046.37,5,45,45,1445,D,P,3,3.8.1,2019,1,2018,4,10,31
2018-10-31,35158676,35158682,Farm Security and Rural Investment Programs,215310230.16,null,215310230.16,215310230.16,null,215310230.16,157980830.09,null,157980830.09,5,46,46,1447,D,P,3,3.8.2,2019,1,2018,4,10,31
2018-10-31,35158676,35158685,Other,22804991.16,null,22804991.16,22804991.16,null,22804991.16,12853728.77,null,12853728.77,5,47,47,1448,D,P,3,3.8.3,2019,1,2018,4,10,31
2018-10-31,35158612,35158688,Rural Development,-33733090.97,null,-33733090.97,-33733090.97,null,-33733090.97,-32039780.78,null,-32039780.78,5,48,48,1450,D,B,2,3.9,2019,1,2018,4,10,31
2018-10-31,35158612,35158690,Rural Housing Service:,null,null,null,null,null,null,null,null,null,5,49,49,1463,S,B,2,3.10,2019,1,2018,4,10,31
2018-10-31,35159248,35159270,Community Planning and Development:,null,null,null,null,null,null,null,null,null,5,286,286,3145,S,B,2,10.2,2019,1,2018,4,10,31
2018-10-31,35158690,35158700,Other,16363797.43,null,16363797.43,16363797.43,null,16363797.43,13309209.17,null,13309209.17,5,52,52,1470,D,P,3,3.10.3,2019,1,2018,4,10,31
2018-10-31,35158612,35158702,Rural Utilities Service:,null,null,null,null,null,null,null,null,null,5,53,53,1471,S,B,2,3.11,2019,1,2018,4,10,31
2018-10-31,35158702,35158706,Rural Electrification and Telecommunications Fund,12128695.93,-323954337.67,336083033.60,12128695.93,-323954337.67,336083033.60,14312684.30,-208154696.73,222467381.03,5,54,54,1472,D,P,3,3.11.1,2019,1,2018,4,10,31
2018-10-31,35158702,35158712,Other,58616076.55,4344142.71,54271933.84,58616076.55,4344142.71,54271933.84,45914361.27,4044067.10,41870294.17,5,55,55,1474,D,P,3,3.11.2,2019,1,2018,4,10,31
2018-10-31,35158612,35158714,Foreign Agricultural Service,339158915.32,null,339158915.32,339158915.32,null,339158915.32,341259992.70,null,341259992.70,5,56,56,1475,D,B,2,3.12,2019,1,2018,4,10,31
2018-10-31,35158612,35158718,Food and Nutrition Service:,null,null,null,null,null,null,null,null,null,5,57,57,1478,S,B,2,3.13,2019,1,2018,4,10,31
2018-10-31,35158718,35158720,Supplemental Nutrition Assistance Program,5891753668.64,null,5891753668.64,5891753668.64,null,5891753668.64,6773281368.58,null,6773281368.58,5,58,58,1480,D,P,3,3.13.1,2019,1,2018,4,10,31
2018-10-31,35158718,35158724,Child Nutrition Programs,2079412222.41,null,2079412222.41,2079412222.41,null,2079412222.41,1940005493.98,null,1940005493.98,5,59,59,1486,D,P,3,3.13.2,2019,1,2018,4,10,31
2018-10-31,35158718,35158726,"Special Supplemental Nutrition Program for Women, Infants, and Children (WIC)",502163892.71,null,502163892.71,502163892.71,null,502163892.71,461423969.67,null,461423969.67,5,60,60,1490,D,P,3,3.13.3,2019,1,2018,4,10,31
2018-10-31,35158718,35158730,Other,37332896.42,null,37332896.42,37332896.42,null,37332896.42,36392801.41,null,36392801.41,5,61,61,1500,D,P,3,3.13.4,2019,1,2018,4,10,31
2018-10-31,35158718,35158732,Total--Food and Nutrition Service,8510662680.18,null,8510662680.18,8510662680.18,null,8510662680.18,9211103633.64,null,9211103633.64,5,62,62,1501,T,B,3,3.13.5,2019,1,2018,4,10,31
2018-10-31,35158612,35158736,Forest Service:,null,null,null,null,null,null,null,null,null,5,63,63,1502,S,B,2,3.14,2019,1,2018,4,10,31
2018-10-31,35158736,35158738,National Forest System,107310895.29,null,107310895.29,107310895.29,null,107310895.29,108996299.37,null,108996299.37,5,64,64,1504,D,P,3,3.14.1,2019,1,2018,4,10,31
2018-10-31,35158736,35158742,Capital Improvement and Maintenance,37647923.68,null,37647923.68,37647923.68,null,37647923.68,29855627.78,null,29855627.78,5,65,65,1505,D,P,3,3.14.2,2019,1,2018,4,10,31
2018-10-31,35158736,35158744,Wildland Fire Management,389959311.98,null,389959311.98,389959311.98,null,389959311.98,414773477.67,null,414773477.67,5,66,66,1506,D,P,3,3.14.3,2019,1,2018,4,10,31
2018-10-31,35158736,35158748,Forest Service Permanent Appropriations,29663372.63,null,29663372.63,29663372.63,null,29663372.63,18790563.75,null,18790563.75,5,67,67,1510,D,P,3,3.14.4,2019,1,2018,4,10,31
2018-10-31,35158736,35158750,Other,150524676.20,null,150524676.20,150524676.20,null,150524676.20,103029285.04,null,103029285.04,5,68,68,1520,D,P,3,3.14.5,2019,1,2018,4,10,31
2018-10-31,35158736,35158754,Total--Forest Service,715106179.78,null,715106179.78,715106179.78,null,715106179.78,675445253.61,null,675445253.61,5,69,69,1521,T,B,3,3.14.6,2019,1,2018,4,10,31
2018-10-31,35158612,35158756,Other,134398755.58,3776390.81,130622364.77,134398755.58,3776390.81,130622364.77,118976633.57,4914030.92,114062602.65,5,70,70,1540,D,P,2,3.15,2019,1,2018,4,10,31
2018-10-31,35158612,35158760,Proprietary Receipts from the Public,null,167925825.33,-167925825.33,null,167925825.33,-167925825.33,null,155673904.62,-155673904.62,5,71,71,1550,D,P,2,3.16,2019,1,2018,4,10,31
2018-10-31,35158612,35158762,Intrabudgetary Transactions,-74828231.94,null,-74828231.94,-74828231.94,null,-74828231.94,53080248.97,null,53080248.97,5,72,72,1560,D,P,2,3.17,2019,1,2018,4,10,31
2018-10-31,35158612,35158766,Total--Department of Agriculture,18521757839.86,210163846.15,18311593993.71,18521757839.86,210163846.15,18311593993.71,22144836808.11,255717171.95,21889119636.16,5,73,73,1561,T,C,2,3.18,2019,1,2018,4,10,31
2018-10-31,35158768,35158773,Economic Development Administration,28300939.95,null,28300939.95,28300939.95,null,28300939.95,18599102.22,null,18599102.22,5,75,75,1691,D,B,2,4.1,2019,1,2018,4,10,31
2018-10-31,35158768,35158775,Bureau of the Census,134755297.45,null,134755297.45,134755297.45,null,134755297.45,127468758.16,null,127468758.16,5,76,76,1695,D,B,2,4.2,2019,1,2018,4,10,31
2018-10-31,35158768,35158781,International Trade Administration,27028220.86,null,27028220.86,27028220.86,null,27028220.86,25703510.26,null,25703510.26,5,77,77,1725,D,B,2,4.3,2019,1,2018,4,10,31
2018-10-31,35158768,35158783,National Oceanic and Atmospheric Administration,366706651.40,null,366706651.40,366706651.40,null,366706651.40,328752128.63,1884540.00,326867588.63,5,78,78,1760,D,B,2,4.4,2019,1,2018,4,10,31
2018-10-31,35158768,35158788,National Institute of Standards and Technology,82179048.22,null,82179048.22,82179048.22,null,82179048.22,69128239.11,null,69128239.11,5,79,79,1770,D,B,2,4.5,2019,1,2018,4,10,31
2018-10-31,35158768,35158790,National Telecommunications and Information Administration,10497029.19,1289.86,10495739.33,10497029.19,1289.86,10495739.33,19083368.83,null,19083368.83,5,80,80,1775,D,B,2,4.6,2019,1,2018,4,10,31
2018-10-31,35158768,35158795,Other,12029279.43,7820739.11,4208540.32,12029279.43,7820739.11,4208540.32,-306534.56,11100815.85,-11407350.41,5,81,81,1782,D,P,2,4.7,2019,1,2018,4,10,31
2018-10-31,35158768,35158797,Proprietary Receipts from the Public,null,-7122659.60,7122659.60,null,-7122659.60,7122659.60,null,-105938624.11,105938624.11,5,82,82,1797,D,P,2,4.8,2019,1,2018,4,10,31
2018-10-31,35158768,35158803,Intrabudgetary Transactions,-158433.65,null,-158433.65,-158433.65,null,-158433.65,-11032964.50,null,-11032964.50,5,83,83,1798,D,P,2,4.9,2019,1,2018,4,10,31
2018-10-31,35158768,35158805,Offsetting Governmental Receipts,null,183024.44,-183024.44,null,183024.44,-183024.44,null,14633.42,-14633.42,5,84,84,1799,D,P,2,4.10,2019,1,2018,4,10,31
2018-10-31,35158768,35158810,Total--Department of Commerce,661338032.85,882393.81,660455639.04,661338032.85,882393.81,660455639.04,577395608.15,-92938634.84,670334242.99,5,85,85,1800,T,C,2,4.11,2019,1,2018,4,10,31
2018-10-31,35158817,35158825,Department of the Navy,6395250951.46,null,6395250951.46,6395250951.46,null,6395250951.46,4992969366.98,null,4992969366.98,5,89,89,1910,D,P,3,5.1.2,2019,1,2018,4,10,31
2018-10-31,35158817,35158827,Department of the Air Force,4663066343.22,null,4663066343.22,4663066343.22,null,4663066343.22,3814644455.69,null,3814644455.69,5,90,90,1920,D,P,3,5.1.3,2019,1,2018,4,10,31
2018-10-31,35158817,35158832,Defense Agencies,7909319000.00,null,7909319000.00,7909319000.00,null,7909319000.00,6837055000.00,null,6837055000.00,5,91,91,1925,D,P,3,5.1.4,2019,1,2018,4,10,31
2018-10-31,35158817,35158834,Total--Military Personnel,26062564453.59,null,26062564453.59,26062564453.59,null,26062564453.59,21300670626.94,null,21300670626.94,5,92,92,1930,T,B,3,5.1.5,2019,1,2018,4,10,31
2018-10-31,35158840,35158842,Department of the Army,5454070084.60,null,5454070084.60,5454070084.60,null,5454070084.60,5034523537.91,null,5034523537.91,5,94,94,2000,D,P,3,5.2.1,2019,1,2018,4,10,31
2018-10-31,35158840,35158846,Department of the Navy,4916732416.60,null,4916732416.60,4916732416.60,null,4916732416.60,4375885668.45,null,4375885668.45,5,95,95,2010,D,P,3,5.2.2,2019,1,2018,4,10,31
2018-10-31,35158840,35158848,Department of the Air Force,4172497967.42,null,4172497967.42,4172497967.42,null,4172497967.42,4314070224.69,null,4314070224.69,5,96,96,2020,D,P,3,5.2.3,2019,1,2018,4,10,31
2018-10-31,35158840,35158852,Defense Agencies,5475521686.11,null,5475521686.11,5475521686.11,null,5475521686.11,5523736724.41,null,5523736724.41,5,97,97,2030,D,P,3,5.2.4,2019,1,2018,4,10,31
2018-10-31,35158840,35158854,Total--Operation and Maintenance,20018822154.73,null,20018822154.73,20018822154.73,null,20018822154.73,19248216155.46,null,19248216155.46,5,98,98,2032,T,B,3,5.2.5,2019,1,2018,4,10,31
2018-10-31,35158858,35158860,Department of the Army,5600000.00,null,5600000.00,5600000.00,null,5600000.00,null,null,null,5,100,100,2055,D,P,3,5.3.1,2019,1,2018,4,10,31
2018-10-31,35158864,35158866,Department of the Army,1504399601.81,null,1504399601.81,1504399601.81,null,1504399601.81,1474259701.40,null,1474259701.40,5,102,102,2100,D,P,3,5.4.1,2019,1,2018,4,10,31
2018-10-31,35158864,35158870,Department of the Navy,3650870887.69,null,3650870887.69,3650870887.69,null,3650870887.69,3189240212.94,null,3189240212.94,5,103,103,2110,D,P,3,5.4.2,2019,1,2018,4,10,31
2018-10-31,35158864,35158872,Department of the Air Force,2027560718.43,null,2027560718.43,2027560718.43,null,2027560718.43,5469695266.64,null,5469695266.64,5,104,104,2120,D,P,3,5.4.3,2019,1,2018,4,10,31
2018-10-31,35158864,35158876,Defense Agencies,605081664.56,null,605081664.56,605081664.56,null,605081664.56,541929297.25,null,541929297.25,5,105,105,2130,D,P,3,5.4.4,2019,1,2018,4,10,31
2018-10-31,35158864,35158878,Total--Procurement,7787912872.49,null,7787912872.49,7787912872.49,null,7787912872.49,10675124478.23,null,10675124478.23,5,106,106,2131,T,B,3,5.4.5,2019,1,2018,4,10,31
2018-10-31,35158882,35158884,Department of the Army,576247159.21,null,576247159.21,576247159.21,null,576247159.21,497377092.37,null,497377092.37,5,108,108,2200,D,P,3,5.5.1,2019,1,2018,4,10,31
2018-10-31,35158882,35158888,Department of the Navy,1409860607.24,null,1409860607.24,1409860607.24,null,1409860607.24,1358032680.90,null,1358032680.90,5,109,109,2210,D,P,3,5.5.2,2019,1,2018,4,10,31
2018-10-31,35158882,35158890,Department of the Air Force,3469979531.40,null,3469979531.40,3469979531.40,null,3469979531.40,1585714910.86,null,1585714910.86,5,110,110,2220,D,P,3,5.5.3,2019,1,2018,4,10,31
2018-10-31,35158882,35158894,Defense Agencies,1611683989.53,null,1611683989.53,1611683989.53,null,1611683989.53,1297349339.93,null,1297349339.93,5,111,111,2230,D,P,3,5.5.4,2019,1,2018,4,10,31
2018-10-31,35158882,35158896,"Total--Research, Development, Test, and Evaluation",7067771287.38,null,7067771287.38,7067771287.38,null,7067771287.38,4738474024.06,null,4738474024.06,5,112,112,2231,T,B,3,5.5.5,2019,1,2018,4,10,31
2018-10-31,35158899,35158901,Department of the Army,393728215.88,null,393728215.88,393728215.88,null,393728215.88,330530177.45,null,330530177.45,5,114,114,2300,D,P,3,5.6.1,2019,1,2018,4,10,31
2018-10-31,35158899,35158904,Department of the Navy,95434128.36,null,95434128.36,95434128.36,null,95434128.36,129593477.49,null,129593477.49,5,115,115,2310,D,P,3,5.6.2,2019,1,2018,4,10,31
2018-10-31,35158899,35158906,Department of the Air Force,106313680.65,null,106313680.65,106313680.65,null,106313680.65,60963559.18,null,60963559.18,5,116,116,2320,D,P,3,5.6.3,2019,1,2018,4,10,31
2018-10-31,35158899,35158908,Defense Agencies,210059723.18,null,210059723.18,210059723.18,null,210059723.18,161224540.81,null,161224540.81,5,117,117,2330,D,P,3,5.6.4,2019,1,2018,4,10,31
2018-10-31,35158899,35158910,Total--Military Construction,805535748.07,null,805535748.07,805535748.07,null,805535748.07,682311754.93,null,682311754.93,5,118,118,2331,T,B,3,5.6.5,2019,1,2018,4,10,31
2018-10-31,35158912,35158914,Department of the Army,17039466.21,null,17039466.21,17039466.21,null,17039466.21,19791585.55,null,19791585.55,5,120,120,2340,D,P,3,5.7.1,2019,1,2018,4,10,31
2018-10-31,35158912,35158916,Department of the Navy,23130531.71,null,23130531.71,23130531.71,null,23130531.71,23818506.55,null,23818506.55,5,121,121,2350,D,P,3,5.7.2,2019,1,2018,4,10,31
2018-10-31,35158912,35158918,Department of the Air Force,24106176.54,null,24106176.54,24106176.54,null,24106176.54,23487182.64,null,23487182.64,5,122,122,2360,D,P,3,5.7.3,2019,1,2018,4,10,31
2018-10-31,35158922,35158926,Department of the Navy,39810512.73,null,39810512.73,39810512.73,null,39810512.73,-10340264.15,null,-10340264.15,5,125,125,2420,D,P,3,5.8.1,2019,1,2018,4,10,31
2018-10-31,35158922,35158930,Defense Agencies:,null,null,null,null,null,null,null,null,null,5,126,126,2458,S,P,3,5.8.2,2019,1,2018,4,10,31
2018-10-31,35158812,35158936,Allowances,167002.21,null,167002.21,167002.21,null,167002.21,331928.87,null,331928.87,5,129,129,2465,D,B,2,5.9,2019,1,2018,4,10,31
2018-10-31,35158938,35158940,Department of the Army,1618087.43,null,1618087.43,1618087.43,null,1618087.43,515997.04,null,515997.04,5,131,131,2472,D,P,3,5.10.1,2019,1,2018,4,10,31
2018-10-31,35158938,35158942,Department of the Navy,4657603.05,null,4657603.05,4657603.05,null,4657603.05,2527213.77,null,2527213.77,5,132,132,2474,D,P,3,5.10.2,2019,1,2018,4,10,31
2018-10-31,35158938,35158944,Department of the Air Force,270687.24,null,270687.24,270687.24,null,270687.24,161416.95,null,161416.95,5,133,133,2476,D,P,3,5.10.3,2019,1,2018,4,10,31
2018-10-31,35158938,35158946,Defense Agencies,7725013.27,null,7725013.27,7725013.27,null,7725013.27,8358591.53,null,8358591.53,5,134,134,2478,D,P,3,5.10.4,2019,1,2018,4,10,31
2018-10-31,35158812,35158948,Proprietary Receipts from the Public:,null,null,null,null,null,null,null,null,null,5,135,135,2480,S,P,2,5.11,2019,1,2018,4,10,31
2018-10-31,35158948,35158950,Department of the Army,null,-34031660.66,34031660.66,null,-34031660.66,34031660.66,null,-461403389.80,461403389.80,5,136,136,2482,D,P,3,5.11.1,2019,1,2018,4,10,31
2018-10-31,35158948,35158952,Department of the Navy,null,-7203652.39,7203652.39,null,-7203652.39,7203652.39,null,17546163.77,-17546163.77,5,137,137,2484,D,P,3,5.11.2,2019,1,2018,4,10,31
2018-10-31,35158948,35158954,Department of the Air Force,null,7046005.45,-7046005.45,null,7046005.45,-7046005.45,null,14845824.96,-14845824.96,5,138,138,2486,D,P,3,5.11.3,2019,1,2018,4,10,31
2018-10-31,35158948,35158956,Defense Agencies,null,-198973352.18,198973352.18,null,-198973352.18,198973352.18,null,81441591.58,-81441591.58,5,139,139,2488,D,P,3,5.11.4,2019,1,2018,4,10,31
2018-10-31,35158812,35158958,Intrabudgetary Transactions:,null,null,null,null,null,null,null,null,null,5,140,140,2490,S,P,2,5.12,2019,1,2018,4,10,31
2018-10-31,35158958,35158960,Department of the Army,6061776.33,null,6061776.33,6061776.33,null,6061776.33,-19107742.84,null,-19107742.84,5,141,141,2492,D,P,3,5.12.1,2019,1,2018,4,10,31
2018-10-31,35158958,35158962,Department of the Navy,-21104916.79,null,-21104916.79,-21104916.79,null,-21104916.79,700194.62,null,700194.62,5,142,142,2494,D,P,3,5.12.2,2019,1,2018,4,10,31
2018-10-31,35158958,35158964,Department of the Air Force,147427294.98,null,147427294.98,147427294.98,null,147427294.98,-10132738.81,null,-10132738.81,5,143,143,2496,D,P,3,5.12.3,2019,1,2018,4,10,31
2018-10-31,35158958,35158966,Defense Agencies,-28488748.73,null,-28488748.73,-28488748.73,null,-28488748.73,21948696.84,null,21948696.84,5,144,144,2500,D,P,3,5.12.4,2019,1,2018,4,10,31
2018-10-31,35158812,35158974,Total--Department of Defense--Military Programs,63152432393.32,-233162659.78,63385595053.10,63152432393.32,-233162659.78,63385595053.10,56693025760.88,-347569809.49,57040595570.37,5,145,145,2570,T,C,2,5.13,2019,1,2018,4,10,31
2018-10-31,35158978,35158980,Accelerating Achievement and Ensuring Equity,1491141831.41,null,1491141831.41,1491141831.41,null,1491141831.41,864545982.54,null,864545982.54,5,148,148,2595,D,P,3,6.1.1,2019,1,2018,4,10,31
2018-10-31,35158978,35158982,Impact Aid,101407772.04,null,101407772.04,101407772.04,null,101407772.04,227721463.11,null,227721463.11,5,149,149,2600,D,P,3,6.1.2,2019,1,2018,4,10,31
2018-10-31,35158978,35158984,Education Improvement Programs,386773616.95,null,386773616.95,386773616.95,null,386773616.95,329831459.51,null,329831459.51,5,150,150,2601,D,P,3,6.1.3,2019,1,2018,4,10,31
2018-10-31,35158978,35158988,Other,22642594.68,null,22642594.68,22642594.68,null,22642594.68,25939553.51,null,25939553.51,5,151,151,2604,D,P,3,6.1.4,2019,1,2018,4,10,31
2018-10-31,35158978,35158990,Total--Office of Elementary and Secondary Education,2001965815.08,null,2001965815.08,2001965815.08,null,2001965815.08,1448038458.67,null,1448038458.67,5,152,152,2605,T,B,3,6.1.5,2019,1,2018,4,10,31
2018-10-31,35158976,35158992,Office of Innovation and Improvement,111193141.66,null,111193141.66,111193141.66,null,111193141.66,112955443.70,null,112955443.70,5,153,153,2606,D,B,2,6.2,2019,1,2018,4,10,31
2018-10-31,35158976,35158994,Office of English Language Acquisition,96277669.01,null,96277669.01,96277669.01,null,96277669.01,42963174.56,null,42963174.56,5,154,154,2608,D,B,2,6.3,2019,1,2018,4,10,31
2018-10-31,35158976,35158996,Office of Special Education and Rehabilitative Services:,null,null,null,null,null,null,null,null,null,5,155,155,2609,S,B,2,6.4,2019,1,2018,4,10,31
2018-10-31,35158996,35158998,Special Education,839601105.16,null,839601105.16,839601105.16,null,839601105.16,1064718178.21,null,1064718178.21,5,156,156,2610,D,P,3,6.4.1,2019,1,2018,4,10,31
2018-10-31,35158996,35159000,Rehabilitation Services and Disability Research,332379184.77,null,332379184.77,332379184.77,null,332379184.77,294690816.89,null,294690816.89,5,157,157,2611,D,P,3,6.4.2,2019,1,2018,4,10,31
2018-10-31,35158996,35159002,Special Institutions for Persons with Disabilities,3963726.99,null,3963726.99,3963726.99,null,3963726.99,10209426.47,null,10209426.47,5,158,158,2612,D,P,3,6.4.3,2019,1,2018,4,10,31
2018-10-31,35158976,35159004,Office of Vocational and Adult Education,133756262.65,null,133756262.65,133756262.65,null,133756262.65,116807679.71,null,116807679.71,5,159,159,2614,D,B,2,6.5,2019,1,2018,4,10,31
2018-10-31,35158976,35159006,Office of Postsecondary Education:,null,null,null,null,null,null,null,null,null,5,160,160,2615,S,B,2,6.6,2019,1,2018,4,10,31
2018-10-31,35159006,35159008,Higher Education,216815777.51,null,216815777.51,216815777.51,null,216815777.51,196591424.66,null,196591424.66,5,161,161,2617,D,P,3,6.6.1,2019,1,2018,4,10,31
2018-10-31,35159006,35159010,Other,21966731.36,713462.80,21253268.56,21966731.36,713462.80,21253268.56,2499470.45,838580.77,1660889.68,5,162,162,2618,D,P,3,6.6.2,2019,1,2018,4,10,31
2018-10-31,35159006,35159012,Total--Office of Postsecondary Education,238782508.87,713462.80,238069046.07,238782508.87,713462.80,238069046.07,199090895.11,838580.77,198252314.34,5,163,163,2619,T,B,3,6.6.3,2019,1,2018,4,10,31
2018-10-31,35159014,35159018,Student Aid Administration,182726463.38,null,182726463.38,182726463.38,null,182726463.38,134131728.45,null,134131728.45,5,166,166,2624,D,P,3,6.7.2,2019,1,2018,4,10,31
2018-10-31,35159014,35159023,Federal Direct Student Loans,1958422366.00,null,1958422366.00,1958422366.00,null,1958422366.00,2228040452.00,null,2228040452.00,5,167,167,2626,D,P,3,6.7.3,2019,1,2018,4,10,31
2018-10-31,35159014,35159025,Federal Family Education Loans,-10863633.47,null,-10863633.47,-10863633.47,null,-10863633.47,-18905311.41,null,-18905311.41,5,168,168,2627,D,P,3,6.7.4,2019,1,2018,4,10,31
2018-10-31,35159014,35159027,Other,3099740.68,1244855.23,1854885.45,3099740.68,1244855.23,1854885.45,2540766.98,681195.47,1859571.51,5,169,169,2628,D,P,3,6.7.5,2019,1,2018,4,10,31
2018-10-31,35159014,35159030,Total--Office of Federal Student Aid,5154266378.14,1244855.23,5153021522.91,5154266378.14,1244855.23,5153021522.91,5374473239.21,681195.47,5373792043.74,5,170,170,2629,T,B,3,6.7.6,2019,1,2018,4,10,31
2018-10-31,35158976,35159032,Institute of Education Sciences,53960500.78,null,53960500.78,53960500.78,null,53960500.78,42706883.72,null,42706883.72,5,171,171,2630,D,B,2,6.8,2019,1,2018,4,10,31
2018-10-31,35158976,35159034,Departmental Management,44375535.88,null,44375535.88,44375535.88,null,44375535.88,47016604.70,null,47016604.70,5,172,172,2631,D,B,2,6.9,2019,1,2018,4,10,31
2018-10-31,35158976,35159038,Proprietary Receipts from the Public,null,3990644005.81,-3990644005.81,null,3990644005.81,-3990644005.81,null,4132419719.84,-4132419719.84,5,174,174,2637,D,P,2,6.11,2019,1,2018,4,10,31
2018-10-31,35158976,35159040,Intrabudgetary Transactions,481442.20,null,481442.20,481442.20,null,481442.20,2269614.31,null,2269614.31,5,175,175,2638,D,P,2,6.12,2019,1,2018,4,10,31
2018-10-31,35158976,35159042,Total--Department of Education,9089913260.29,3992602323.84,5097310936.45,9089913260.29,3992602323.84,5097310936.45,8755940415.26,4133939496.08,4622000919.18,5,176,176,2639,T,C,2,6.13,2019,1,2018,4,10,31
2018-10-31,35159044,35159046,National Nuclear Security Administration:,null,null,null,null,null,null,null,null,null,5,178,178,2641,S,B,2,7.1,2019,1,2018,4,10,31
2018-10-31,35159046,35159048,Naval Reactors,263652127.75,null,263652127.75,263652127.75,null,263652127.75,89172699.56,null,89172699.56,5,179,179,2642,D,P,3,7.1.1,2019,1,2018,4,10,31
2018-10-31,35159046,35159050,Weapons Activities,1021362754.11,null,1021362754.11,1021362754.11,null,1021362754.11,852937780.18,null,852937780.18,5,180,180,2643,D,P,3,7.1.2,2019,1,2018,4,10,31
2018-10-31,35159046,35159052,Defense Nuclear Nonproliferation,153079851.21,null,153079851.21,153079851.21,null,153079851.21,157282684.06,null,157282684.06,5,181,181,2644,D,P,3,7.1.3,2019,1,2018,4,10,31
2018-10-31,35159046,35159054,Other,27683947.34,null,27683947.34,27683947.34,null,27683947.34,27065307.21,null,27065307.21,5,182,182,2645,D,P,3,7.1.4,2019,1,2018,4,10,31
2018-10-31,35159044,35159056,Environmental and Other Defense Activities:,null,null,null,null,null,null,null,null,null,5,183,183,2646,S,B,2,7.2,2019,1,2018,4,10,31
2018-10-31,35159056,35159058,Defense Environmental Cleanup,519193449.50,null,519193449.50,519193449.50,null,519193449.50,512749493.92,null,512749493.92,5,184,184,2651,D,P,3,7.2.1,2019,1,2018,4,10,31
2018-10-31,35159056,35159060,Other Defense Activities,51784393.15,null,51784393.15,51784393.15,null,51784393.15,31187230.84,null,31187230.84,5,185,185,2653,D,P,3,7.2.2,2019,1,2018,4,10,31
2018-10-31,35159056,35159062,Defense Nuclear Waste Disposal,359811.73,null,359811.73,359811.73,null,359811.73,412282.33,null,412282.33,5,186,186,2655,D,P,3,7.2.3,2019,1,2018,4,10,31
2018-10-31,35159066,35159076,Uranium Enrichment Decontamination and Decommissioning Fund,37870893.16,null,37870893.16,37870893.16,null,37870893.16,67568995.89,null,67568995.89,5,192,192,2665,D,P,3,7.3.5,2019,1,2018,4,10,31
2018-10-31,35159066,35159078,Advanced Technology Vehicles Manufacturing Loan Program,171569.60,null,171569.60,171569.60,null,171569.60,490580.01,null,490580.01,5,193,193,2666,D,P,3,7.3.6,2019,1,2018,4,10,31
2018-10-31,35159066,35159080,Title 17 Innovative Technology Loan Guarantee Program,1476325.51,null,1476325.51,1476325.51,null,1476325.51,1297691.38,null,1297691.38,5,194,194,2667,D,P,3,7.3.7,2019,1,2018,4,10,31
2018-10-31,35159066,35159082,Other,88139224.91,4670237.21,83468987.70,88139224.91,4670237.21,83468987.70,69113718.31,9990241.93,59123476.38,5,195,195,2668,D,P,3,7.3.8,2019,1,2018,4,10,31
2018-10-31,35159066,35159084,Total--Energy Programs,1061211054.09,4670237.21,1056540816.88,1061211054.09,4670237.21,1056540816.88,953818056.42,9990241.93,943827814.49,5,196,196,2669,T,B,3,7.3.9,2019,1,2018,4,10,31
2018-10-31,35159044,35159086,Power Marketing Administration,369044273.08,348192629.78,20851643.30,369044273.08,348192629.78,20851643.30,309893747.10,301366588.38,8527158.72,5,197,197,2670,D,B,2,7.4,2019,1,2018,4,10,31
2018-10-31,35159044,35159088,Departmental Administration,41692649.95,null,41692649.95,41692649.95,null,41692649.95,38769211.98,null,38769211.98,5,198,198,2674,D,B,2,7.5,2019,1,2018,4,10,31
2018-10-31,35159044,35159090,Proprietary Receipts from the Public,null,100539638.80,-100539638.80,null,100539638.80,-100539638.80,null,62917076.89,-62917076.89,5,199,199,2677,D,P,2,7.6,2019,1,2018,4,10,31
2018-10-31,35159044,35159092,Intrabudgetary Transactions,-136806583.43,null,-136806583.43,-136806583.43,null,-136806583.43,-136990449.77,null,-136990449.77,5,200,200,2678,D,P,2,7.7,2019,1,2018,4,10,31
2018-10-31,35159044,35159096,Total--Department of Energy,3372257728.48,453402505.79,2918855222.69,3372257728.48,453402505.79,2918855222.69,2836298043.83,374273907.20,2462024136.63,5,201,201,2680,T,C,2,7.8,2019,1,2018,4,10,31
2018-10-31,null,35159098,Department of Health and Human Services:,null,null,null,null,null,null,null,null,null,5,202,202,2681,S,C,1,8,2019,1,2018,4,10,31
2018-10-31,35159098,35159100,Food and Drug Administration,-146702456.46,110408.00,-146812864.46,-146702456.46,110408.00,-146812864.46,-567939315.42,777532.91,-568716848.33,5,203,203,2684,D,B,2,8.1,2019,1,2018,4,10,31
2018-10-31,35159098,35159102,Health Resources and Services Administration,934637114.32,null,934637114.32,934637114.32,null,934637114.32,869975542.46,null,869975542.46,5,204,204,2689,D,B,2,8.2,2019,1,2018,4,10,31
2018-10-31,35158812,35158922,Revolving and Management Funds:,null,null,null,null,null,null,null,null,null,5,124,124,2400,S,B,2,5.8,2019,1,2018,4,10,31
2018-10-31,35159098,35159104,Indian Health Service,344860816.47,null,344860816.47,344860816.47,null,344860816.47,320906859.48,null,320906859.48,5,205,205,2690,D,B,2,8.3,2019,1,2018,4,10,31
2018-10-31,35159098,35159106,Centers for Disease Control and Prevention,595855260.06,null,595855260.06,595855260.06,null,595855260.06,637532866.01,null,637532866.01,5,206,206,2700,D,B,2,8.4,2019,1,2018,4,10,31
2018-10-31,35159098,35159108,National Institutes of Health,2629329231.47,null,2629329231.47,2629329231.47,null,2629329231.47,2516951116.76,null,2516951116.76,5,207,207,2745,D,B,2,8.5,2019,1,2018,4,10,31
2018-10-31,35159098,35159110,Substance Abuse and Mental Health Services Administration,330661299.75,null,330661299.75,330661299.75,null,330661299.75,314804347.04,null,314804347.04,5,208,208,2765,D,B,2,8.6,2019,1,2018,4,10,31
2018-10-31,35159098,35159112,Agency for Healthcare Research and Quality,25083841.69,null,25083841.69,25083841.69,null,25083841.69,29414907.40,null,29414907.40,5,209,209,2770,D,B,2,8.7,2019,1,2018,4,10,31
2018-10-31,35159098,35159114,Centers for Medicare and Medicaid Services:,null,null,null,null,null,null,null,null,null,5,210,210,2787,S,B,2,8.8,2019,1,2018,4,10,31
2018-10-31,35159114,35159116,Grants to States for Medicaid,31891005432.21,null,31891005432.21,31891005432.21,null,31891005432.21,31734770582.55,null,31734770582.55,5,211,211,2788,D,P,3,8.8.1,2019,1,2018,4,10,31
2018-10-31,35159114,35159118,Payments to Health Care Trust Funds,27205294114.39,null,27205294114.39,27205294114.39,null,27205294114.39,27832770724.80,null,27832770724.80,5,212,212,2789,D,P,3,8.8.2,2019,1,2018,4,10,31
2018-10-31,35159114,35159120,Children's Health Insurance Fund,1381671489.27,null,1381671489.27,1381671489.27,null,1381671489.27,1330160055.11,null,1330160055.11,5,213,213,2790,D,P,3,8.8.3,2019,1,2018,4,10,31
2018-10-31,35159114,35159122,State Grants and Demonstrations,30342454.43,null,30342454.43,30342454.43,null,30342454.43,27919754.18,null,27919754.18,5,214,214,2791,D,P,3,8.8.4,2019,1,2018,4,10,31
2018-10-31,35159114,35159126,Federal Hospital Insurance Trust Fund:,null,null,null,null,null,null,null,null,null,5,215,215,2793,S,P,3,8.8.5,2019,1,2018,4,10,31
2018-10-31,35159126,35159128,Benefit Payments,25383350434.97,null,25383350434.97,25383350434.97,null,25383350434.97,15812685134.87,null,15812685134.87,5,216,216,2794,D,P,4,8.8.5.1,2019,1,2018,4,10,31
2018-10-31,35159126,35159130,Administrative Expenses,350328026.14,null,350328026.14,350328026.14,null,350328026.14,350597793.23,null,350597793.23,5,217,217,2795,D,P,4,8.8.5.2,2019,1,2018,4,10,31
2018-10-31,35159126,35159132,Total--Federal Hospital Insurance Trust Fund,25733678461.11,null,25733678461.11,25733678461.11,null,25733678461.11,16163282928.10,null,16163282928.10,5,218,218,2797,T,P,4,8.8.5.3,2019,1,2018,4,10,31
2018-10-31,35159114,35159134,Health Care Fraud and Abuse Control,113790365.49,null,113790365.49,113790365.49,null,113790365.49,109226860.78,null,109226860.78,5,219,219,2798,D,P,3,8.8.6,2019,1,2018,4,10,31
2018-10-31,35159114,35159136,Federal Supplementary Medical Insurance Trust Fund:,null,null,null,null,null,null,null,null,null,5,220,220,2799,S,P,3,8.8.7,2019,1,2018,4,10,31
2018-10-31,35159136,35159138,Benefit Payments,29535201860.78,null,29535201860.78,29535201860.78,null,29535201860.78,17176967074.71,null,17176967074.71,5,221,221,2800,D,P,4,8.8.7.1,2019,1,2018,4,10,31
2018-10-31,35159136,35159140,Administrative Expenses,316726430.75,null,316726430.75,316726430.75,null,316726430.75,358876490.61,null,358876490.61,5,222,222,2802,D,P,4,8.8.7.2,2019,1,2018,4,10,31
2018-10-31,35159142,35159144,Benefit Payments,6707250118.13,null,6707250118.13,6707250118.13,null,6707250118.13,80771457.01,null,80771457.01,5,224,224,2844,D,P,5,8.8.7.3.1,2019,1,2018,4,10,31
2018-10-31,35159142,35159146,Administrative Expenses,null,null,null,null,null,null,25331525.50,null,25331525.50,5,225,225,2846,D,P,5,8.8.7.3.2,2019,1,2018,4,10,31
2018-10-31,35159136,35159148,Total--Federal Supplementary Medical Insurance Trust Fund,36559178409.66,null,36559178409.66,36559178409.66,null,36559178409.66,17641946547.83,null,17641946547.83,5,226,226,2848,T,P,4,8.8.7.4,2019,1,2018,4,10,31
2018-10-31,35159114,35159150,Other,1937881216.09,null,1937881216.09,1937881216.09,null,1937881216.09,2232879051.08,null,2232879051.08,5,227,227,2855,D,P,3,8.8.8,2019,1,2018,4,10,31
2018-10-31,35159114,35159152,Total--Centers for Medicare and Medicaid Services,124852841942.65,null,124852841942.65,124852841942.65,null,124852841942.65,97072956504.43,null,97072956504.43,5,228,228,2860,T,B,3,8.8.9,2019,1,2018,4,10,31
2018-10-31,35159154,35159156,Temporary Assistance for Needy Families,1251659909.61,null,1251659909.61,1251659909.61,null,1251659909.61,1200661788.90,null,1200661788.90,5,230,230,2920,D,P,3,8.9.1,2019,1,2018,4,10,31
2018-10-31,35159154,35159158,Contingency Fund,1818160.27,null,1818160.27,1818160.27,null,1818160.27,56443358.47,null,56443358.47,5,231,231,2923,D,P,3,8.9.2,2019,1,2018,4,10,31
2018-10-31,35159154,35159160,Payments to States for Child Support Enforcement and Family Support Programs,304287203.41,null,304287203.41,304287203.41,null,304287203.41,275731150.38,null,275731150.38,5,232,232,2925,D,P,3,8.9.3,2019,1,2018,4,10,31
2018-10-31,35159154,35159162,Low Income Home Energy Assistance,206542359.37,null,206542359.37,206542359.37,null,206542359.37,150536517.49,null,150536517.49,5,233,233,2930,D,P,3,8.9.4,2019,1,2018,4,10,31
2018-10-31,35159154,35159164,Refugee and Entrant Assistance,187317288.48,null,187317288.48,187317288.48,null,187317288.48,95566231.45,null,95566231.45,5,234,234,2935,D,P,3,8.9.5,2019,1,2018,4,10,31
2018-10-31,35159154,35159166,Child Care Entitlement to States,213907997.08,null,213907997.08,213907997.08,null,213907997.08,269642161.70,null,269642161.70,5,235,235,2942,D,P,3,8.9.6,2019,1,2018,4,10,31
2018-10-31,35159154,35159168,Payments to States for the Child Care and Development Block Grant,316516099.49,null,316516099.49,316516099.49,null,316516099.49,219101866.38,null,219101866.38,5,236,236,2945,D,P,3,8.9.7,2019,1,2018,4,10,31
2018-10-31,35159154,35159170,Social Services Block Grant,74065929.81,null,74065929.81,74065929.81,null,74065929.81,136949235.05,null,136949235.05,5,237,237,2992,D,P,3,8.9.8,2019,1,2018,4,10,31
2018-10-31,35159154,35159172,Children and Families Services Programs,1029609611.74,null,1029609611.74,1029609611.74,null,1029609611.74,968089617.77,null,968089617.77,5,238,238,2994,D,P,3,8.9.9,2019,1,2018,4,10,31
2018-10-31,35159154,35159174,Payments to States for Foster Care and Adoption Assistance,632078997.84,null,632078997.84,632078997.84,null,632078997.84,755799468.61,null,755799468.61,5,239,239,2995,D,P,3,8.9.10,2019,1,2018,4,10,31
2018-10-31,35159154,35159178,Total--Administration for Children and Families,4263876587.69,null,4263876587.69,4263876587.69,null,4263876587.69,4175974478.58,null,4175974478.58,5,241,241,2998,T,B,3,8.9.12,2019,1,2018,4,10,31
2018-10-31,35159098,35159180,Administration for Community Living,125205766.01,null,125205766.01,125205766.01,null,125205766.01,146762382.89,null,146762382.89,5,242,242,2999,D,B,2,8.10,2019,1,2018,4,10,31
2018-10-31,35159098,35159182,Departmental Management,238416554.77,null,238416554.77,238416554.77,null,238416554.77,773861654.64,null,773861654.64,5,243,243,3000,D,B,2,8.11,2019,1,2018,4,10,31
2018-10-31,35159098,35159184,Other,-164645097.11,null,-164645097.11,-164645097.11,null,-164645097.11,-168342069.31,null,-168342069.31,5,244,244,3010,D,P,2,8.12,2019,1,2018,4,10,31
2018-10-31,35159098,35159186,Proprietary Receipts from the Public,null,9667316972.01,-9667316972.01,null,9667316972.01,-9667316972.01,null,8585333672.73,-8585333672.73,5,245,245,3018,D,P,2,8.13,2019,1,2018,4,10,31
2018-10-31,35159188,35159190,Payments for Health Insurance for the Aged:,null,null,null,null,null,null,null,null,null,5,247,247,3022,S,P,3,8.14.1,2019,1,2018,4,10,31
2018-10-31,35159190,35159192,Federal Supplementary Medical Insurance Trust Fund,-27199022834.29,null,-27199022834.29,-27199022834.29,null,-27199022834.29,-27819569302.06,null,-27819569302.06,5,248,248,3025,D,P,4,8.14.1.1,2019,1,2018,4,10,31
2018-10-31,35159188,35159194,Payments for Tax and Other Credits:,null,null,null,null,null,null,null,null,null,5,249,249,3030,S,P,3,8.14.2,2019,1,2018,4,10,31
2018-10-31,35159194,35159196,Federal Hospital Insurance Trust Fund,-5115524.93,null,-5115524.93,-5115524.93,null,-5115524.93,-13622595.66,null,-13622595.66,5,250,250,3035,D,P,4,8.14.2.1,2019,1,2018,4,10,31
2018-10-31,35159188,35159198,Other,7362590.33,null,7362590.33,7362590.33,null,7362590.33,-479694921.36,null,-479694921.36,5,251,251,3040,D,P,3,8.14.3,2019,1,2018,4,10,31
2018-10-31,35159098,35159200,Total--Department of Health and Human Services,106832645092.42,9667427380.01,97165217712.41,106832645092.42,9667427380.01,97165217712.41,77809972455.88,8586111205.64,69223861250.24,5,252,252,3045,T,C,2,8.15,2019,1,2018,4,10,31
2018-10-31,35159202,35159204,Departmental Management and Operations,91792156.40,null,91792156.40,91792156.40,null,91792156.40,97960601.89,null,97960601.89,5,254,254,3050,D,B,2,9.1,2019,1,2018,4,10,31
2018-10-31,35159202,35159206,Citizenship and Immigration Services,301240701.68,null,301240701.68,301240701.68,null,301240701.68,291376225.52,null,291376225.52,5,255,255,3052,D,B,2,9.2,2019,1,2018,4,10,31
2018-10-31,35159202,35159208,United States Secret Service,173389468.81,null,173389468.81,173389468.81,null,173389468.81,121535404.09,null,121535404.09,5,256,256,3054,D,B,2,9.3,2019,1,2018,4,10,31
2018-10-31,35159202,35159210,Transportation Security Administration,279295107.38,null,279295107.38,279295107.38,null,279295107.38,288658389.24,null,288658389.24,5,257,257,3058,D,B,2,9.4,2019,1,2018,4,10,31
2018-10-31,35159202,35159212,Immigration and Customs Enforcement,641351956.98,null,641351956.98,641351956.98,null,641351956.98,560256706.91,null,560256706.91,5,258,258,3060,D,B,2,9.5,2019,1,2018,4,10,31
2018-10-31,35159202,35159214,U.S. Customs and Border Protection,1098525198.78,2718592.55,1095806606.23,1098525198.78,2718592.55,1095806606.23,1022298857.53,1882618.30,1020416239.23,5,259,259,3062,D,B,2,9.6,2019,1,2018,4,10,31
2018-10-31,35159202,35159216,United States Coast Guard,1182591499.80,null,1182591499.80,1182591499.80,null,1182591499.80,854427617.55,null,854427617.55,5,260,260,3070,D,B,2,9.7,2019,1,2018,4,10,31
2018-10-31,35159202,35159218,National Protection and Programs Directorate,137102380.61,null,137102380.61,137102380.61,null,137102380.61,196270502.16,null,196270502.16,5,261,261,3075,D,B,2,9.8,2019,1,2018,4,10,31
2018-10-31,35159220,35159222,State and Local Programs,83193153.42,null,83193153.42,83193153.42,null,83193153.42,87775360.44,null,87775360.44,5,263,263,3082,D,P,3,9.9.1,2019,1,2018,4,10,31
2018-10-31,35159220,35159224,Firefighter Assistance Grants,45803361.95,null,45803361.95,45803361.95,null,45803361.95,59925228.45,null,59925228.45,5,264,264,3083,D,P,3,9.9.2,2019,1,2018,4,10,31
2018-10-31,35159220,35159226,Disaster Relief,1442609890.70,null,1442609890.70,1442609890.70,null,1442609890.70,2498918954.31,null,2498918954.31,5,265,265,3084,D,P,3,9.9.3,2019,1,2018,4,10,31
2018-10-31,35159220,35159228,National Flood Insurance Fund,394987893.70,85609306.39,309378587.31,394987893.70,85609306.39,309378587.31,2852125921.09,109491726.66,2742634194.43,5,266,266,3088,D,P,3,9.9.4,2019,1,2018,4,10,31
2018-10-31,35159202,35159236,Domestic Nuclear Detection Office,18851765.32,null,18851765.32,18851765.32,null,18851765.32,14699992.25,null,14699992.25,5,270,270,3093,D,B,2,9.11,2019,1,2018,4,10,31
2018-10-31,35159202,35159238,Other,42016780.11,null,42016780.11,42016780.11,null,42016780.11,35361672.59,null,35361672.59,5,271,271,3094,D,P,2,9.12,2019,1,2018,4,10,31
2018-10-31,35159202,35159240,Proprietary Receipts from the Public,null,115348852.32,-115348852.32,null,115348852.32,-115348852.32,null,125020510.59,-125020510.59,5,272,272,3096,D,P,2,9.13,2019,1,2018,4,10,31
2018-10-31,35159202,35159242,Intrabudgetary Transactions,9521734.87,null,9521734.87,9521734.87,null,9521734.87,19346009.99,null,19346009.99,5,273,273,3097,D,P,2,9.14,2019,1,2018,4,10,31
2018-10-31,35159202,35159244,Offsetting Governmental Receipts,null,614125197.12,-614125197.12,null,614125197.12,-614125197.12,null,616248572.85,-616248572.85,5,274,274,3098,D,P,2,9.15,2019,1,2018,4,10,31
2018-10-31,35159202,35159246,Total--Department of Homeland Security,6155425833.45,817801948.38,5337623885.07,6155425833.45,817801948.38,5337623885.07,9146635977.77,852643428.40,8293992549.37,5,275,275,3100,T,C,2,9.16,2019,1,2018,4,10,31
2018-10-31,null,35159248,Department of Housing and Urban Development:,null,null,null,null,null,null,null,null,null,5,276,276,3104,S,C,1,10,2019,1,2018,4,10,31
2018-10-31,35159248,35159250,Public and Indian Housing Programs:,null,null,null,null,null,null,null,null,null,5,277,277,3115,S,B,2,10.1,2019,1,2018,4,10,31
2018-10-31,35159250,35159252,Tenant Based Rental Assistance,1840639222.24,null,1840639222.24,1840639222.24,null,1840639222.24,1675938995.70,null,1675938995.70,5,278,278,3116,D,P,3,10.1.1,2019,1,2018,4,10,31
2018-10-31,35159250,35159254,Housing Certificate Fund,5136017.57,null,5136017.57,5136017.57,null,5136017.57,8640973.84,null,8640973.84,5,279,279,3118,D,P,3,10.1.2,2019,1,2018,4,10,31
2018-10-31,35159250,35159258,Public Housing Capital Fund,173649666.82,null,173649666.82,173649666.82,null,173649666.82,168928312.61,null,168928312.61,5,280,280,3126,D,P,3,10.1.3,2019,1,2018,4,10,31
2018-10-31,35159250,35159260,Public Housing Operating Fund,372410246.61,null,372410246.61,372410246.61,null,372410246.61,350059949.23,null,350059949.23,5,281,281,3130,D,P,3,10.1.4,2019,1,2018,4,10,31
2018-10-31,35159250,35159262,Revitalization of Severely Distressed Public Housing (Hope VI),5037128.53,null,5037128.53,5037128.53,null,5037128.53,138628.48,null,138628.48,5,282,282,3135,D,P,3,10.1.5,2019,1,2018,4,10,31
2018-10-31,35159250,35159264,Native American Housing Block Grant,46768905.64,null,46768905.64,46768905.64,null,46768905.64,32098295.68,null,32098295.68,5,283,283,3138,D,P,3,10.1.6,2019,1,2018,4,10,31
2018-10-31,35159250,35159266,Other,10469064.84,null,10469064.84,10469064.84,null,10469064.84,19768238.85,null,19768238.85,5,284,284,3140,D,P,3,10.1.7,2019,1,2018,4,10,31
2018-10-31,35159250,35159268,Total--Public and Indian Housing Programs,2454110252.25,null,2454110252.25,2454110252.25,null,2454110252.25,2255573394.39,null,2255573394.39,5,285,285,3142,T,B,3,10.1.8,2019,1,2018,4,10,31
2018-10-31,35159270,35159272,Housing Opportunities for Persons with AIDS,24405737.50,null,24405737.50,24405737.50,null,24405737.50,22076464.66,null,22076464.66,5,287,287,3147,D,P,3,10.2.1,2019,1,2018,4,10,31
2018-10-31,35159270,35159274,Community Development Fund,481095872.92,null,481095872.92,481095872.92,null,481095872.92,530857196.96,null,530857196.96,5,288,288,3148,D,P,3,10.2.2,2019,1,2018,4,10,31
2018-10-31,35159270,35159276,Home Investment Partnership Program,69154101.95,null,69154101.95,69154101.95,null,69154101.95,65829494.10,null,65829494.10,5,289,289,3156,D,P,3,10.2.3,2019,1,2018,4,10,31
2018-10-31,35159270,35159278,Neighborhood Stabilization Program,1051975.67,null,1051975.67,1051975.67,null,1051975.67,1057742.50,null,1057742.50,5,290,290,3159,D,P,3,10.2.4,2019,1,2018,4,10,31
2018-10-31,35159270,35159282,Other,8586443.94,null,8586443.94,8586443.94,null,8586443.94,4103850.22,null,4103850.22,5,292,292,3168,D,P,3,10.2.6,2019,1,2018,4,10,31
2018-10-31,35159270,35159284,Total--Community Planning and Development,772344047.43,null,772344047.43,772344047.43,null,772344047.43,778659299.34,null,778659299.34,5,293,293,3172,T,B,3,10.2.7,2019,1,2018,4,10,31
2018-10-31,35159288,35159290,"FHA-Mutual Mortgage Insurance Fund, Program Account",9003692.15,null,9003692.15,9003692.15,null,9003692.15,7877618.46,null,7877618.46,5,296,296,3180,D,P,4,10.3.1.1,2019,1,2018,4,10,31
2018-10-31,35159288,35159292,FHA-Mutual Mortgage Insurance Capital Reserve Account,-592249567.87,null,-592249567.87,-592249567.87,null,-592249567.87,-720994329.87,null,-720994329.87,5,297,297,3182,D,P,4,10.3.1.2,2019,1,2018,4,10,31
2018-10-31,35159288,35159294,"FHA-Mutual Mortgage and Cooperative Housing Insurance Fund, Liquidating Account",1665849.98,1296865.39,368984.59,1665849.98,1296865.39,368984.59,1547762.21,1000164.17,547598.04,5,298,298,3184,D,P,4,10.3.1.3,2019,1,2018,4,10,31
2018-10-31,35159288,35159298,"FHA-General and Special Risk Fund, Liquidating Account",6373177.20,15930510.51,-9557333.31,6373177.20,15930510.51,-9557333.31,12706210.49,30981195.68,-18274985.19,5,299,299,3187,D,P,4,10.3.1.4,2019,1,2018,4,10,31
2018-10-31,35159288,35159300,"Housing for the Elderly or Handicapped Fund, Liquidating Account",-11199020.01,6620682.25,-17819702.26,-11199020.01,6620682.25,-17819702.26,70723.60,21926810.92,-21856087.32,5,300,300,3189,D,P,4,10.3.1.5,2019,1,2018,4,10,31
2018-10-31,35159286,35159302,HUD Project-Based Rental Assistance,1001372780.03,null,1001372780.03,1001372780.03,null,1001372780.03,950756489.39,null,950756489.39,5,301,301,14220,D,P,3,10.3.2,2019,1,2018,4,10,31
2018-10-31,35158612,35158639,Risk Management Agency:,null,null,null,null,null,null,null,null,null,5,32,32,1417,S,B,2,3.6,2019,1,2018,4,10,31
2018-10-31,35159286,35159306,Housing for the Elderly,61207628.53,null,61207628.53,61207628.53,null,61207628.53,61108014.91,null,61108014.91,5,302,302,3191,D,P,3,10.3.3,2019,1,2018,4,10,31
2018-10-31,35159286,35159308,Housing for Persons with Disabilities,14664218.33,null,14664218.33,14664218.33,null,14664218.33,14966145.51,null,14966145.51,5,303,303,3192,D,P,3,10.3.4,2019,1,2018,4,10,31
2018-10-31,35159286,35159310,Other Assisted Housing Programs,8108063.23,null,8108063.23,8108063.23,null,8108063.23,10029734.12,null,10029734.12,5,304,304,3193,D,P,3,10.3.5,2019,1,2018,4,10,31
2018-10-31,35159286,35159312,Other,4678220.06,3416327.89,1261892.17,4678220.06,3416327.89,1261892.17,3391693.28,2816471.84,575221.44,5,305,305,3194,D,P,3,10.3.6,2019,1,2018,4,10,31
2018-10-31,35159286,35159314,Total--Housing Programs,503625041.63,27264386.04,476360655.59,503625041.63,27264386.04,476360655.59,341460062.10,56724642.61,284735419.49,5,306,306,3195,T,B,3,10.3.7,2019,1,2018,4,10,31
2018-10-31,35159316,35159318,Guarantees of Mortgage-Backed Securities,-27106330.54,305831.54,-27412162.08,-27106330.54,305831.54,-27412162.08,-22664294.84,147264.46,-22811559.30,5,308,308,3197,D,P,3,10.4.1,2019,1,2018,4,10,31
2018-10-31,35159248,35159320,Management and Administration,126116800.31,null,126116800.31,126116800.31,null,126116800.31,136729937.39,null,136729937.39,5,309,309,3260,D,B,2,10.5,2019,1,2018,4,10,31
2018-10-31,35159324,35159328,FHA-General and Special Risk Fund,null,44402340.24,-44402340.24,null,44402340.24,-44402340.24,null,73683744.70,-73683744.70,5,312,312,3280,D,P,3,10.7.1,2019,1,2018,4,10,31
2018-10-31,35159324,35159330,Other,null,3069075.12,-3069075.12,null,3069075.12,-3069075.12,null,326779.21,-326779.21,5,313,313,3281,D,P,3,10.7.2,2019,1,2018,4,10,31
2018-10-31,35159248,35159332,Intrabudgetary Transactions,-2614706.73,null,-2614706.73,-2614706.73,null,-2614706.73,314022.97,null,314022.97,5,314,314,3282,D,P,2,10.8,2019,1,2018,4,10,31
2018-10-31,35159248,35159334,Offsetting Governmental Receipts,null,1434000.00,-1434000.00,null,1434000.00,-1434000.00,null,1335400.00,-1335400.00,5,315,315,3285,D,P,2,10.9,2019,1,2018,4,10,31
2018-10-31,35159248,35159336,Total--Department of Housing and Urban Development,3858336126.79,76475632.94,3781860493.85,3858336126.79,76475632.94,3781860493.85,3513721285.93,132217830.98,3381503454.95,5,316,316,3286,T,C,2,10.10,2019,1,2018,4,10,31
2018-10-31,35159338,35159340,Land and Minerals Management:,null,null,null,null,null,null,null,null,null,5,318,318,3288,S,BG,2,11.1,2019,1,2018,4,10,31
2018-10-31,35159340,35159342,Bureau of Land Management:,null,null,null,null,null,null,null,null,null,5,319,319,3289,S,B,3,11.1.1,2019,1,2018,4,10,31
2018-10-31,35159342,35159344,Management of Lands and Resources,79348303.50,null,79348303.50,79348303.50,null,79348303.50,74996917.92,null,74996917.92,5,320,320,3301,D,P,4,11.1.1.1,2019,1,2018,4,10,31
2018-10-31,35159342,35159346,Other,26432098.27,4314140.47,22117957.80,26432098.27,4314140.47,22117957.80,23770885.17,8608725.32,15162159.85,5,321,321,3315,D,P,4,11.1.1.2,2019,1,2018,4,10,31
2018-10-31,35159340,35159348,Bureau of Ocean Energy Management,10699622.08,null,10699622.08,10699622.08,null,10699622.08,13839382.70,null,13839382.70,5,322,322,3317,D,B,3,11.1.2,2019,1,2018,4,10,31
2018-10-31,35159340,35159350,Office of Surface Mining Reclamation and Enforcement,29650398.80,null,29650398.80,29650398.80,null,29650398.80,45722160.96,null,45722160.96,5,323,323,3319,D,B,3,11.1.3,2019,1,2018,4,10,31
2018-10-31,35159340,35159352,Total--Land and Minerals Management,146130422.65,4314140.47,141816282.18,146130422.65,4314140.47,141816282.18,158329346.75,8608725.32,149720621.43,5,324,324,3320,T,BG,3,11.1.4,2019,1,2018,4,10,31
2018-10-31,35159338,35159354,Water and Science:,null,null,null,null,null,null,null,null,null,5,325,325,3322,S,BG,2,11.2,2019,1,2018,4,10,31
2018-10-31,35159356,35159358,Water and Related Resources,111583625.37,null,111583625.37,111583625.37,null,111583625.37,76969406.41,null,76969406.41,5,327,327,3333,D,P,4,11.2.1.1,2019,1,2018,4,10,31
2018-10-31,35159356,35159360,Other,50876484.40,23274746.94,27601737.46,50876484.40,23274746.94,27601737.46,41781577.77,17517872.19,24263705.58,5,328,328,3335,D,P,4,11.2.1.2,2019,1,2018,4,10,31
2018-10-31,35159354,35159364,United States Geological Survey,91765871.98,null,91765871.98,91765871.98,null,91765871.98,78324583.36,null,78324583.36,5,330,330,3337,D,B,3,11.2.3,2019,1,2018,4,10,31
2018-10-31,35159354,35159366,Total--Water and Science,254408664.40,23274746.94,231133917.46,254408664.40,23274746.94,231133917.46,197527019.89,17517872.19,180009147.70,5,331,331,3344,T,BG,3,11.2.4,2019,1,2018,4,10,31
2018-10-31,35159338,35159368,Fish and Wildlife and Parks:,null,null,null,null,null,null,null,null,null,5,332,332,3345,S,BG,2,11.3,2019,1,2018,4,10,31
2018-10-31,35159368,35159370,United States Fish and Wildlife Service,195832688.09,null,195832688.09,195832688.09,null,195832688.09,205881739.26,null,205881739.26,5,333,333,3350,D,B,3,11.3.1,2019,1,2018,4,10,31
2018-10-31,35159368,35159372,National Park Service,281453455.81,null,281453455.81,281453455.81,null,281453455.81,257887694.28,null,257887694.28,5,334,334,3355,D,B,3,11.3.2,2019,1,2018,4,10,31
2018-10-31,35159368,35159374,Total--Fish and Wildlife and Parks,477286143.90,null,477286143.90,477286143.90,null,477286143.90,463769433.54,null,463769433.54,5,335,335,3360,T,BG,3,11.3.3,2019,1,2018,4,10,31
2018-10-31,35159376,35159378,Bureau of Indian Affairs and Bureau of Indian Education,205704218.14,50561.90,205653656.24,205704218.14,50561.90,205653656.24,89682749.83,10329.23,89672420.60,5,337,337,3410,D,B,3,11.4.1,2019,1,2018,4,10,31
2018-10-31,35159376,35159380,Total--Indian Affairs,205704218.14,50561.90,205653656.24,205704218.14,50561.90,205653656.24,89682749.83,10329.23,89672420.60,5,338,338,14250,T,BG,3,11.4.2,2019,1,2018,4,10,31
2018-10-31,35159338,35159384,Departmental Offices:,null,null,null,null,null,null,null,null,null,5,339,339,3412,S,BG,2,11.5,2019,1,2018,4,10,31
2018-10-31,35159384,35159392,Mineral Leasing and Associated Payments,229574835.14,null,229574835.14,229574835.14,null,229574835.14,192697630.89,null,192697630.89,5,340,340,3413,D,P,3,11.5.1,2019,1,2018,4,10,31
2018-10-31,35159384,35159396,Other,24754230.07,null,24754230.07,24754230.07,null,24754230.07,53743643.37,null,53743643.37,5,341,341,3414,D,P,3,11.5.2,2019,1,2018,4,10,31
2018-10-31,35159384,35159400,Insular Affairs,68123580.60,null,68123580.60,68123580.60,null,68123580.60,65792069.95,null,65792069.95,5,342,342,3415,D,B,3,11.5.3,2019,1,2018,4,10,31
2018-10-31,35158812,35158858,International Reconstruction and Other Assistance:,null,null,null,null,null,null,null,null,null,5,99,99,2050,S,B,2,5.3,2019,1,2018,4,10,31
2018-10-31,35158976,35159036,Other,78909989.10,null,78909989.10,78909989.10,null,78909989.10,null,null,null,5,173,173,2636,D,P,2,6.10,2019,1,2018,4,10,31
2018-10-31,35159384,35159404,Office of the Special Trustee for American Indians,10562949.92,null,10562949.92,10562949.92,null,10562949.92,16038080.05,null,16038080.05,5,343,343,3418,D,B,3,11.5.4,2019,1,2018,4,10,31
2018-10-31,35159384,35159408,Department-Wide Programs,188004229.59,null,188004229.59,188004229.59,null,188004229.59,219073568.78,null,219073568.78,5,344,344,3419,D,B,3,11.5.5,2019,1,2018,4,10,31
2018-10-31,35159384,35159412,Total--Departmental Offices,521019825.32,null,521019825.32,521019825.32,null,521019825.32,547344993.04,null,547344993.04,5,345,345,14263,T,BG,3,11.5.6,2019,1,2018,4,10,31
2018-10-31,35159338,35159416,Other,19535941.35,null,19535941.35,19535941.35,null,19535941.35,21180521.74,null,21180521.74,5,346,346,3420,D,P,2,11.6,2019,1,2018,4,10,31
2018-10-31,35159338,35159420,Proprietary Receipts from the Public,null,398956744.00,-398956744.00,null,398956744.00,-398956744.00,null,323247470.37,-323247470.37,5,347,347,3427,D,P,2,11.7,2019,1,2018,4,10,31
2018-10-31,35159338,35159424,Intrabudgetary Transactions,932932612.91,null,932932612.91,932932612.91,null,932932612.91,-29498465.91,null,-29498465.91,5,348,348,3428,D,P,2,11.8,2019,1,2018,4,10,31
2018-10-31,35159338,35159428,Total--Department of the Interior,2557017828.67,426596193.31,2130421635.36,2557017828.67,426596193.31,2130421635.36,1448335598.88,349384397.11,1098951201.77,5,349,349,3430,T,C,2,11.9,2019,1,2018,4,10,31
2018-10-31,null,35159432,Department of Justice:,null,null,null,null,null,null,null,null,null,5,350,350,3432,S,C,1,12,2019,1,2018,4,10,31
2018-10-31,35159432,35159436,General Administration,78074868.05,null,78074868.05,78074868.05,null,78074868.05,149425928.92,null,149425928.92,5,351,351,3485,D,B,2,12.1,2019,1,2018,4,10,31
2018-10-31,35159432,35159440,Legal Activities and U.S. Marshals:,null,null,null,null,null,null,null,null,null,5,352,352,3490,S,B,2,12.2,2019,1,2018,4,10,31
2018-10-31,35159440,35159444,General Legal Activities,143400104.69,null,143400104.69,143400104.69,null,143400104.69,72377429.00,null,72377429.00,5,353,353,3491,D,P,3,12.2.1,2019,1,2018,4,10,31
2018-10-31,35159440,35159450,United States Attorneys,146765449.45,null,146765449.45,146765449.45,null,146765449.45,134095299.33,null,134095299.33,5,354,354,3492,D,P,3,12.2.2,2019,1,2018,4,10,31
2018-10-31,35159440,35159456,United States Marshals Service,97778163.17,null,97778163.17,97778163.17,null,97778163.17,91955941.52,null,91955941.52,5,355,355,3501,D,P,3,12.2.3,2019,1,2018,4,10,31
2018-10-31,35159440,35159462,Assets Forfeiture Fund,50066864.59,null,50066864.59,50066864.59,null,50066864.59,15711093.20,null,15711093.20,5,356,356,3504,D,P,3,12.2.4,2019,1,2018,4,10,31
2018-10-31,35159440,35159468,Other,165263636.14,null,165263636.14,165263636.14,null,165263636.14,129910865.07,null,129910865.07,5,357,357,3505,D,P,3,12.2.5,2019,1,2018,4,10,31
2018-10-31,35159432,35159474,Federal Bureau of Investigation,789158429.00,null,789158429.00,789158429.00,null,789158429.00,705747868.93,null,705747868.93,5,358,358,3510,D,B,2,12.3,2019,1,2018,4,10,31
2018-10-31,35159432,35159480,Drug Enforcement Administration,197685199.15,null,197685199.15,197685199.15,null,197685199.15,211961283.43,null,211961283.43,5,359,359,3517,D,B,2,12.4,2019,1,2018,4,10,31
2018-10-31,35159432,35159486,"Bureau of Alcohol, Tobacco, Firearms, and Explosives",98803908.35,null,98803908.35,98803908.35,null,98803908.35,95690761.75,null,95690761.75,5,360,360,3518,D,B,2,12.5,2019,1,2018,4,10,31
2018-10-31,35159432,35159492,Federal Prison System,620919929.12,33031198.55,587888730.57,620919929.12,33031198.55,587888730.57,590411450.85,35053789.05,555357661.80,5,361,361,3520,D,B,2,12.6,2019,1,2018,4,10,31
2018-10-31,35159498,35159504,State and Local Law Enforcement Assistance,67771583.97,null,67771583.97,67771583.97,null,67771583.97,63818021.45,null,63818021.45,5,363,363,3527,D,P,3,12.7.1,2019,1,2018,4,10,31
2018-10-31,35159498,35159510,Community Oriented Policing Services,16215402.35,null,16215402.35,16215402.35,null,16215402.35,19126761.58,null,19126761.58,5,364,364,3528,D,P,3,12.7.2,2019,1,2018,4,10,31
2018-10-31,35159498,35159516,Crime Victims Fund,145934494.97,null,145934494.97,145934494.97,null,145934494.97,103914008.81,null,103914008.81,5,365,365,3529,D,P,3,12.7.3,2019,1,2018,4,10,31
2018-10-31,35159498,35159522,Other,95954559.02,null,95954559.02,95954559.02,null,95954559.02,100773743.49,null,100773743.49,5,366,366,3530,D,P,3,12.7.4,2019,1,2018,4,10,31
2018-10-31,35159432,35159528,Other,13558319.56,null,13558319.56,13558319.56,null,13558319.56,10998040.97,null,10998040.97,5,367,367,3535,D,P,2,12.8,2019,1,2018,4,10,31
2018-10-31,35159432,35159534,Proprietary Receipts from the Public,null,774298479.72,-774298479.72,null,774298479.72,-774298479.72,null,31330903.71,-31330903.71,5,368,368,3540,D,P,2,12.9,2019,1,2018,4,10,31
2018-10-31,35159432,35159540,Intrabudgetary Transactions,-272055192.94,null,-272055192.94,-272055192.94,null,-272055192.94,644246219.45,null,644246219.45,5,369,369,3545,D,P,2,12.10,2019,1,2018,4,10,31
2018-10-31,35159432,35159546,Offsetting Governmental Receipts,null,36226017.08,-36226017.08,null,36226017.08,-36226017.08,null,27772714.06,-27772714.06,5,370,370,3546,D,P,2,12.11,2019,1,2018,4,10,31
2018-10-31,35159432,35159552,Total--Department of Justice,2455295718.64,843555695.35,1611740023.29,2455295718.64,843555695.35,1611740023.29,3140164717.75,94157406.82,3046007310.93,5,371,371,3549,T,C,2,12.12,2019,1,2018,4,10,31
2018-10-31,35159558,35159564,Employment and Training Administration:,null,null,null,null,null,null,null,null,null,5,373,373,3600,S,B,2,13.1,2019,1,2018,4,10,31
2018-10-31,35158912,35158920,Defense Agencies,11427402.93,null,11427402.93,11427402.93,null,11427402.93,10528367.10,null,10528367.10,5,123,123,2370,D,P,3,5.7.4,2019,1,2018,4,10,31
2018-10-31,35159564,35159570,Training and Employment Services,274876403.16,null,274876403.16,274876403.16,null,274876403.16,229575062.97,null,229575062.97,5,374,374,3601,D,P,3,13.1.1,2019,1,2018,4,10,31
2018-10-31,35159564,35159576,Office of Job Corps,136169106.99,null,136169106.99,136169106.99,null,136169106.99,126126104.84,null,126126104.84,5,375,375,3602,D,P,3,13.1.2,2019,1,2018,4,10,31
2018-10-31,35159564,35159582,Community Service Employment for Older Americans,32227234.28,null,32227234.28,32227234.28,null,32227234.28,29993698.16,null,29993698.16,5,376,376,3603,D,P,3,13.1.3,2019,1,2018,4,10,31
2018-10-31,35159564,35159588,Federal Unemployment Benefits and Allowances,27664156.47,null,27664156.47,27664156.47,null,27664156.47,35179191.64,null,35179191.64,5,377,377,3607,D,P,3,13.1.4,2019,1,2018,4,10,31
2018-10-31,35159564,35159594,Federal Additional Unemployment Compensation Program-Recovery Act,-418938.08,null,-418938.08,-418938.08,null,-418938.08,-202232.98,null,-202232.98,5,378,378,3609,D,P,3,13.1.5,2019,1,2018,4,10,31
2018-10-31,35159564,35159599,State Unemployment Insurance and Employment Service Operations,-162203093.01,null,-162203093.01,-162203093.01,null,-162203093.01,-98904561.08,null,-98904561.08,5,379,379,3612,D,P,3,13.1.6,2019,1,2018,4,10,31
2018-10-31,35159564,35159616,Program Administration,7120459.67,null,7120459.67,7120459.67,null,7120459.67,6858753.80,null,6858753.80,5,380,380,3618,D,P,3,13.1.7,2019,1,2018,4,10,31
2018-10-31,35159628,35159634,State Unemployment Benefits,1985191035.09,null,1985191035.09,1985191035.09,null,1985191035.09,2138314598.51,null,2138314598.51,5,383,383,3625,D,P,5,13.1.8.1.1,2019,1,2018,4,10,31
2018-10-31,35159622,35159640,State Administrative Expenses,415000000.00,null,415000000.00,415000000.00,null,415000000.00,392000000.00,null,392000000.00,5,384,384,3630,D,P,4,13.1.8.2,2019,1,2018,4,10,31
2018-10-31,35159622,35159646,Federal Administrative Expenses,11812896.21,null,11812896.21,11812896.21,null,11812896.21,8757773.07,null,8757773.07,5,385,385,3635,D,P,4,13.1.8.3,2019,1,2018,4,10,31
2018-10-31,35159622,35159658,Other,2736315.48,null,2736315.48,2736315.48,null,2736315.48,9927561.24,null,9927561.24,5,386,386,3650,D,P,4,13.1.8.4,2019,1,2018,4,10,31
2018-10-31,35159622,35159664,Total--Unemployment Trust Fund,2414740246.78,null,2414740246.78,2414740246.78,null,2414740246.78,2548999932.82,null,2548999932.82,5,387,387,3652,T,P,4,13.1.8.5,2019,1,2018,4,10,31
2018-10-31,35159564,35159670,Other,6134545.09,null,6134545.09,6134545.09,null,6134545.09,11817285.84,null,11817285.84,5,388,388,3653,D,P,3,13.1.9,2019,1,2018,4,10,31
2018-10-31,35159564,35159676,Total--Employment and Training Administration,2736310121.35,null,2736310121.35,2736310121.35,null,2736310121.35,2889443236.01,null,2889443236.01,5,389,389,3654,T,B,3,13.1.10,2019,1,2018,4,10,31
2018-10-31,35159558,35159682,Pension Benefit Guaranty Corporation,540882786.59,4596420916.90,-4055538130.31,540882786.59,4596420916.90,-4055538130.31,526315340.05,5032925875.48,-4506610535.43,5,390,390,3662,D,B,2,13.2,2019,1,2018,4,10,31
2018-10-31,35159694,35159700,Special Benefits,-1217669409.92,null,-1217669409.92,-1217669409.92,null,-1217669409.92,-1159427092.54,null,-1159427092.54,5,392,392,3670,D,P,3,13.3.1,2019,1,2018,4,10,31
2018-10-31,35159694,35159706,Energy Employees Occupational Illness Compensation Fund,96941946.33,null,96941946.33,96941946.33,null,96941946.33,92776326.99,null,92776326.99,5,393,393,3672,D,P,3,13.3.2,2019,1,2018,4,10,31
2018-10-31,35159558,35159730,Wage and Hour Division,17519404.87,null,17519404.87,17519404.87,null,17519404.87,17373775.67,null,17373775.67,5,397,397,3677,D,B,2,13.4,2019,1,2018,4,10,31
2018-10-31,35159558,35159736,Occupational Safety and Health Administration,34830177.11,null,34830177.11,34830177.11,null,34830177.11,32970611.97,null,32970611.97,5,398,398,3680,D,B,2,13.5,2019,1,2018,4,10,31
2018-10-31,35159558,35159742,Mine Safety and Health Administration,23832539.96,null,23832539.96,23832539.96,null,23832539.96,24895014.59,null,24895014.59,5,399,399,3682,D,B,2,13.6,2019,1,2018,4,10,31
2018-10-31,35159558,35159748,Bureau of Labor Statistics,31293946.71,null,31293946.71,31293946.71,null,31293946.71,52208263.30,null,52208263.30,5,400,400,3685,D,B,2,13.7,2019,1,2018,4,10,31
2018-10-31,35159558,35159754,Departmental Management,90868163.73,null,90868163.73,90868163.73,null,90868163.73,98200641.70,null,98200641.70,5,401,401,3687,D,B,2,13.8,2019,1,2018,4,10,31
2018-10-31,35159558,35159760,Other,22564710.24,null,22564710.24,22564710.24,null,22564710.24,22304839.77,null,22304839.77,5,402,402,3690,D,P,2,13.9,2019,1,2018,4,10,31
2018-10-31,35159558,35159766,Proprietary Receipts from the Public,null,275724.04,-275724.04,null,275724.04,-275724.04,null,250309.25,-250309.25,5,403,403,3698,D,P,2,13.10,2019,1,2018,4,10,31
2018-10-31,35159558,35159772,Intrabudgetary Transactions,-151286.12,null,-151286.12,-151286.12,null,-151286.12,-228103.34,null,-228103.34,5,404,404,3699,D,P,2,13.11,2019,1,2018,4,10,31
2018-10-31,35159558,35159778,Total--Department of Labor,2429307501.00,4596696640.94,-2167389139.94,2429307501.00,4596696640.94,-2167389139.94,2642082864.84,5033176184.73,-2391093319.89,5,405,405,3700,T,C,2,13.12,2019,1,2018,4,10,31
2018-10-31,35159788,35159792,Diplomatic and Consular Programs,881852829.29,null,881852829.29,881852829.29,null,881852829.29,551115521.17,null,551115521.17,5,408,408,3755,D,P,3,14.1.1,2019,1,2018,4,10,31
2018-10-31,35159788,35159796,Educational and Cultural Exchange Programs,75524150.48,null,75524150.48,75524150.48,null,75524150.48,77261405.18,null,77261405.18,5,409,409,3758,D,P,3,14.1.2,2019,1,2018,4,10,31
2018-10-31,35159788,35159800,"Embassy Security, Construction, and Maintenance",171421275.41,null,171421275.41,171421275.41,null,171421275.41,159766488.84,null,159766488.84,5,410,410,3760,D,P,3,14.1.3,2019,1,2018,4,10,31
2018-10-31,35159788,35159808,Foreign Service Retirement and Disability Fund,79874253.11,null,79874253.11,79874253.11,null,79874253.11,77744699.82,null,77744699.82,5,411,411,3770,D,P,3,14.1.4,2019,1,2018,4,10,31
2018-10-31,35159788,35159812,Other,11562015.64,null,11562015.64,11562015.64,null,11562015.64,231964419.02,null,231964419.02,5,412,412,3775,D,P,3,14.1.5,2019,1,2018,4,10,31
2018-10-31,35159788,35159816,Total--Administration of Foreign Affairs,1220234523.93,null,1220234523.93,1220234523.93,null,1220234523.93,1097852534.03,null,1097852534.03,5,413,413,3776,T,B,3,14.1.6,2019,1,2018,4,10,31
2018-10-31,35158612,35158618,National Institute of Food and Agriculture:,null,null,null,null,null,null,null,null,null,5,25,25,1406,S,B,2,3.2,2019,1,2018,4,10,31
2018-10-31,35158976,35159014,Office of Federal Student Aid:,null,null,null,null,null,null,null,null,null,5,164,164,2621,S,B,2,6.7,2019,1,2018,4,10,31
2018-10-31,35159354,35159362,Central Utah Project,182682.65,null,182682.65,182682.65,null,182682.65,451452.35,null,451452.35,5,329,329,3343,D,B,3,11.2.2,2019,1,2018,4,10,31
2018-10-31,35159784,35159820,International Organizations and Conferences,683745778.63,null,683745778.63,683745778.63,null,683745778.63,374230828.10,null,374230828.10,5,414,414,3780,D,B,2,14.2,2019,1,2018,4,10,31
2018-10-31,35159784,35159824,Global Health and Child Survival,629135379.27,null,629135379.27,629135379.27,null,629135379.27,488695776.79,null,488695776.79,5,415,415,3785,D,P,2,14.3,2019,1,2018,4,10,31
2018-10-31,35159784,35159828,Migration and Refugee Assistance,546159911.51,null,546159911.51,546159911.51,null,546159911.51,129079308.29,null,129079308.29,5,416,416,3790,D,P,2,14.4,2019,1,2018,4,10,31
2018-10-31,35159784,35159830,International Narcotics Control and Law Enforcement,96417165.87,null,96417165.87,96417165.87,null,96417165.87,61971541.39,null,61971541.39,5,417,417,3792,D,P,2,14.5,2019,1,2018,4,10,31
2018-10-31,35159784,35159832,Andean Counterdrug Programs,22546.19,null,22546.19,22546.19,null,22546.19,11176.41,null,11176.41,5,418,418,3793,D,P,2,14.6,2019,1,2018,4,10,31
2018-10-31,35159784,35159836,Other,43104888.87,null,43104888.87,43104888.87,null,43104888.87,33247983.14,null,33247983.14,5,419,419,3795,D,P,2,14.7,2019,1,2018,4,10,31
2018-10-31,35159784,35159838,Proprietary Receipts from the Public,null,237558335.59,-237558335.59,null,237558335.59,-237558335.59,null,142113537.20,-142113537.20,5,420,420,3797,D,P,2,14.8,2019,1,2018,4,10,31
2018-10-31,35159784,35159840,Intrabudgetary Transactions,18255018.89,null,18255018.89,18255018.89,null,18255018.89,-11495885.84,null,-11495885.84,5,421,421,3798,D,P,2,14.9,2019,1,2018,4,10,31
2018-10-31,35159784,35159842,Total--Department of State,3237075213.16,237558335.59,2999516877.57,3237075213.16,237558335.59,2999516877.57,2173593262.31,142113537.20,2031479725.11,5,422,422,3800,T,C,2,14.10,2019,1,2018,4,10,31
2018-10-31,35159844,35159846,Office of the Secretary,12226962.79,null,12226962.79,12226962.79,null,12226962.79,29016580.77,null,29016580.77,5,424,424,3804,D,B,2,15.1,2019,1,2018,4,10,31
2018-10-31,35159844,35159850,Federal Aviation Administration:,null,null,null,null,null,null,null,null,null,5,425,425,3821,S,B,2,15.2,2019,1,2018,4,10,31
2018-10-31,35159850,35159852,Operations,387565179.49,null,387565179.49,387565179.49,null,387565179.49,172927037.04,null,172927037.04,5,426,426,3825,D,P,3,15.2.1,2019,1,2018,4,10,31
2018-10-31,35159850,35159854,Airport and Airway Trust Fund:,null,null,null,null,null,null,null,null,null,5,427,427,3828,S,P,3,15.2.2,2019,1,2018,4,10,31
2018-10-31,35159854,35159856,Grants-In-Aid for Airports,316901157.35,null,316901157.35,316901157.35,null,316901157.35,280631180.05,null,280631180.05,5,428,428,3831,D,P,4,15.2.2.1,2019,1,2018,4,10,31
2018-10-31,35159854,35159858,Facilities and Equipment,212478779.32,null,212478779.32,212478779.32,null,212478779.32,173198622.80,null,173198622.80,5,429,429,3835,D,P,4,15.2.2.2,2019,1,2018,4,10,31
2018-10-31,35159854,35159860,"Research, Engineering, and Development",12302791.39,null,12302791.39,12302791.39,null,12302791.39,12287757.64,null,12287757.64,5,430,430,3888,D,P,4,15.2.2.3,2019,1,2018,4,10,31
2018-10-31,35159854,35159862,Trust Fund Share of FAA Operations,400000000.00,null,400000000.00,400000000.00,null,400000000.00,577994529.00,null,577994529.00,5,431,431,3891,D,P,4,15.2.2.4,2019,1,2018,4,10,31
2018-10-31,35159854,35159864,Total--Airport and Airway Trust Fund,941682728.06,null,941682728.06,941682728.06,null,941682728.06,1044112089.49,null,1044112089.49,5,432,432,3893,T,P,4,15.2.2.5,2019,1,2018,4,10,31
2018-10-31,35159850,35159866,Other,-17016847.02,1288017.51,-18304864.53,-17016847.02,1288017.51,-18304864.53,2513151.08,4937620.22,-2424469.14,5,433,433,3896,D,P,3,15.2.3,2019,1,2018,4,10,31
2018-10-31,35159850,35159868,Total--Federal Aviation Administration,1312231060.53,1288017.51,1310943043.02,1312231060.53,1288017.51,1310943043.02,1219552277.61,4937620.22,1214614657.39,5,434,434,3899,T,B,3,15.2.4,2019,1,2018,4,10,31
2018-10-31,35159844,35159870,Federal Highway Administration:,null,null,null,null,null,null,null,null,null,5,435,435,3903,S,B,2,15.3,2019,1,2018,4,10,31
2018-10-31,35159872,35159874,Federal-Aid Highways,3966711749.88,null,3966711749.88,3966711749.88,null,3966711749.88,3937253404.95,null,3937253404.95,5,437,437,3912,D,P,4,15.3.1.1,2019,1,2018,4,10,31
2018-10-31,35159872,35159876,Other,306437.42,null,306437.42,306437.42,null,306437.42,468292.77,null,468292.77,5,438,438,3917,D,P,4,15.3.1.2,2019,1,2018,4,10,31
2018-10-31,35159870,35159880,Other Programs,92715302.35,null,92715302.35,92715302.35,null,92715302.35,52441664.58,null,52441664.58,5,439,439,3927,D,P,3,15.3.2,2019,1,2018,4,10,31
2018-10-31,35159870,35159882,Total--Federal Highway Administration,4059733489.65,null,4059733489.65,4059733489.65,null,4059733489.65,3990163362.30,null,3990163362.30,5,440,440,3935,T,B,3,15.3.3,2019,1,2018,4,10,31
2018-10-31,35159844,35159884,Federal Motor Carrier Safety Administration,39723238.78,null,39723238.78,39723238.78,null,39723238.78,33480663.74,null,33480663.74,5,441,441,3937,D,B,2,15.4,2019,1,2018,4,10,31
2018-10-31,35159844,35159888,Federal Railroad Administration:,null,null,null,null,null,null,null,null,null,5,443,443,3948,S,B,2,15.6,2019,1,2018,4,10,31
2018-10-31,35159888,35159892,Capital and Debt Service Grants to the National Railroad Passenger Corporation,47834.20,null,47834.20,47834.20,null,47834.20,46963637.93,null,46963637.93,5,444,444,3953,D,P,3,15.6.1,2019,1,2018,4,10,31
2018-10-31,35159888,35159896,Other,23353632.19,null,23353632.19,23353632.19,null,23353632.19,23718874.16,null,23718874.16,5,445,445,3956,D,P,3,15.6.2,2019,1,2018,4,10,31
2018-10-31,35159888,35159898,Total--Federal Railroad Administration,23401466.39,null,23401466.39,23401466.39,null,23401466.39,70682512.09,null,70682512.09,5,446,446,3958,T,B,3,15.6.3,2019,1,2018,4,10,31
2018-10-31,35159844,35159900,Federal Transit Administration:,null,null,null,null,null,null,null,null,null,5,447,447,3960,S,B,2,15.7,2019,1,2018,4,10,31
2018-10-31,35159900,35159904,Capital Investment Grants,36598633.46,null,36598633.46,36598633.46,null,36598633.46,164717344.53,null,164717344.53,5,449,449,3965,D,P,3,15.7.2,2019,1,2018,4,10,31
2018-10-31,35159900,35159906,Transit Formula Grants,669915060.50,null,669915060.50,669915060.50,null,669915060.50,780321875.04,null,780321875.04,5,450,450,3970,D,P,3,15.7.3,2019,1,2018,4,10,31
2018-10-31,35158812,35158864,Procurement:,null,null,null,null,null,null,null,null,null,5,101,101,2095,S,B,2,5.4,2019,1,2018,4,10,31
2018-10-31,35159900,35159910,Other,107544428.35,null,107544428.35,107544428.35,null,107544428.35,55273632.86,null,55273632.86,5,451,451,3974,D,P,3,15.7.4,2019,1,2018,4,10,31
2018-10-31,35159900,35159912,Total--Federal Transit Administration,814439831.31,null,814439831.31,814439831.31,null,814439831.31,1001041047.43,null,1001041047.43,5,452,452,3975,T,B,3,15.7.5,2019,1,2018,4,10,31
2018-10-31,35159844,35159914,Maritime Administration,52441896.66,69376.27,52372520.39,52441896.66,69376.27,52372520.39,-1799763.57,82148.17,-1881911.74,5,453,453,3977,D,B,2,15.8,2019,1,2018,4,10,31
2018-10-31,35159844,35159916,Other,41906991.69,4083036.72,37823954.97,41906991.69,4083036.72,37823954.97,23949784.14,78505.95,23871278.19,5,454,454,3980,D,P,2,15.9,2019,1,2018,4,10,31
2018-10-31,35159844,35159918,Proprietary Receipts from the Public,null,26375456.10,-26375456.10,null,26375456.10,-26375456.10,null,21770123.16,-21770123.16,5,455,455,3990,D,P,2,15.10,2019,1,2018,4,10,31
2018-10-31,35159844,35159920,Intrabudgetary Transactions:,null,null,null,null,null,null,null,null,null,5,456,456,3995,S,P,2,15.11,2019,1,2018,4,10,31
2018-10-31,35159932,35159934,Exchange Stabilization Fund,null,44555846.63,-44555846.63,null,44555846.63,-44555846.63,null,23563513.74,-23563513.74,5,462,462,4052,D,P,3,16.1.1,2019,1,2018,4,10,31
2018-10-31,35159932,35159936,Grants for Specified Energy Property in Lieu of Tax Credit,null,null,null,null,null,null,4535898.00,null,4535898.00,5,463,463,4053,D,P,3,16.1.2,2019,1,2018,4,10,31
2018-10-31,35159932,35159938,Housing and Economic Recovery Programs,83333.33,null,83333.33,83333.33,null,83333.33,null,null,null,5,464,464,4054,D,P,3,16.1.3,2019,1,2018,4,10,31
2018-10-31,35159932,35159940,Troubled Asset Relief Program,103498490.72,null,103498490.72,103498490.72,null,103498490.72,137650934.95,null,137650934.95,5,465,465,4055,D,P,3,16.1.4,2019,1,2018,4,10,31
2018-10-31,35159932,35159942,Other,131296209.45,null,131296209.45,131296209.45,null,131296209.45,116855336.56,null,116855336.56,5,466,466,4056,D,P,3,16.1.5,2019,1,2018,4,10,31
2018-10-31,35159944,35159962,Payment to the Resolution Funding Corporation,662323300.93,null,662323300.93,662323300.93,null,662323300.93,662323300.93,null,662323300.93,5,468,468,4072,D,P,3,16.2.1,2019,1,2018,4,10,31
2018-10-31,35159944,35159964,Financial Agent Services,67442694.79,null,67442694.79,67442694.79,null,67442694.79,66743333.26,null,66743333.26,5,469,469,4076,D,P,3,16.2.2,2019,1,2018,4,10,31
2018-10-31,35159944,35159968,"Claims, Judgements, and Relief Acts",188053884.84,null,188053884.84,188053884.84,null,188053884.84,134145973.33,null,134145973.33,5,470,470,4090,D,P,3,16.2.3,2019,1,2018,4,10,31
2018-10-31,35159944,35159970,Other,51142894.51,119102.67,51023791.84,51142894.51,119102.67,51023791.84,52300458.41,43142.32,52257316.09,5,471,471,4093,D,P,3,16.2.4,2019,1,2018,4,10,31
2018-10-31,35159944,35159974,Total--Bureau of the Fiscal Service,968962775.07,119102.67,968843672.40,968962775.07,119102.67,968843672.40,915513065.93,43142.32,915469923.61,5,472,472,4096,T,B,3,16.2.5,2019,1,2018,4,10,31
2018-10-31,35159930,35159976,Federal Financing Bank,-376208413.12,null,-376208413.12,-376208413.12,null,-376208413.12,-297307558.71,null,-297307558.71,5,473,473,4097,D,B,2,16.3,2019,1,2018,4,10,31
2018-10-31,35159930,35159978,Alcohol and Tobacco Tax and Trade Bureau:,null,null,null,null,null,null,null,null,null,5,474,474,4099,S,B,2,16.4,2019,1,2018,4,10,31
2018-10-31,35159978,35159980,Salaries and Expenses,9418421.57,null,9418421.57,9418421.57,null,9418421.57,9250813.61,null,9250813.61,5,475,475,4100,D,P,3,16.4.1,2019,1,2018,4,10,31
2018-10-31,35159978,35159982,Internal Revenue Collections for Puerto Rico,36163733.71,null,36163733.71,36163733.71,null,36163733.71,23199354.64,null,23199354.64,5,476,476,4102,D,P,3,16.4.2,2019,1,2018,4,10,31
2018-10-31,35159930,35159984,Bureau of Engraving and Printing,-24463031.42,null,-24463031.42,-24463031.42,null,-24463031.42,8153710.88,null,8153710.88,5,477,477,4115,D,B,2,16.5,2019,1,2018,4,10,31
2018-10-31,35159930,35159986,United States Mint,144816495.40,157629085.28,-12812589.88,144816495.40,157629085.28,-12812589.88,109101237.92,166148270.46,-57047032.54,5,478,478,4120,D,B,2,16.6,2019,1,2018,4,10,31
2018-10-31,35159930,35159988,Internal Revenue Service:,null,null,null,null,null,null,null,null,null,5,479,479,4132,S,B,2,16.7,2019,1,2018,4,10,31
2018-10-31,35159988,35159990,Taxpayer Services,186031610.55,null,186031610.55,186031610.55,null,186031610.55,175408163.01,null,175408163.01,5,480,480,4136,D,P,3,16.7.1,2019,1,2018,4,10,31
2018-10-31,35159988,35160002,Payment Where Child Tax Credit Exceeds Liability for Tax,117071562.46,null,117071562.46,117071562.46,null,117071562.46,71472416.95,null,71472416.95,5,486,486,4152,D,P,3,16.7.7,2019,1,2018,4,10,31
2018-10-31,35159988,35160004,Payment Where American Opportunity Tax Credit Exceeds Liability for Tax,24555203.97,null,24555203.97,24555203.97,null,24555203.97,21108381.97,null,21108381.97,5,487,487,4154,D,P,3,16.7.8,2019,1,2018,4,10,31
2018-10-31,35159988,35160008,"Refunding Internal Revenue Collections, Interest",136215360.89,null,136215360.89,136215360.89,null,136215360.89,317793151.51,null,317793151.51,5,488,488,4157,D,P,3,16.7.9,2019,1,2018,4,10,31
2018-10-31,35159988,35160010,Other,306743039.70,6644.36,306736395.34,306743039.70,6644.36,306736395.34,581452725.80,368674.43,581084051.37,5,489,489,4158,D,P,3,16.7.10,2019,1,2018,4,10,31
2018-10-31,35159988,35160012,Total--Internal Revenue Service,5553017959.75,6644.36,5553011315.39,5553017959.75,6644.36,5553011315.39,4819817002.82,368674.43,4819448328.39,5,490,490,4159,T,B,3,16.7.11,2019,1,2018,4,10,31
2018-10-31,35159930,35160014,Comptroller of the Currency,97339218.30,5678145.93,91661072.37,97339218.30,5678145.93,91661072.37,246402518.16,4857266.94,241545251.22,5,491,491,4164,D,B,2,16.8,2019,1,2018,4,10,31
2018-10-31,35159930,35160018,Interest on the Public Debt:,null,null,null,null,null,null,null,null,null,5,492,492,4166,S,B,2,16.9,2019,1,2018,4,10,31
2018-10-31,35160018,35160020,Interest on Treasury Debt Securities (Gross):,null,null,null,null,null,null,null,null,null,5,493,493,4169,S,P,3,16.9.1,2019,1,2018,4,10,31
2018-10-31,35160020,35160022,Public Issues (Accrual Basis),30287133000.37,null,30287133000.37,30287133000.37,null,30287133000.37,27796824821.24,null,27796824821.24,5,494,494,4170,D,P,4,16.9.1.1,2019,1,2018,4,10,31
2018-10-31,35160020,35160024,Special Issues (Cash Basis),1360399106.08,null,1360399106.08,1360399106.08,null,1360399106.08,-3385255104.88,null,-3385255104.88,5,495,495,4175,D,P,4,16.9.1.2,2019,1,2018,4,10,31
2018-10-31,35158812,35158899,Military Construction:,null,null,null,null,null,null,null,null,null,5,113,113,2295,S,B,2,5.6,2019,1,2018,4,10,31
2018-10-31,35159154,35159176,Other,46073030.59,null,46073030.59,46073030.59,null,46073030.59,47453082.38,null,47453082.38,5,240,240,2997,D,P,3,8.9.11,2019,1,2018,4,10,31
2018-10-31,35159784,35159788,Administration of Foreign Affairs:,null,null,null,null,null,null,null,null,null,5,407,407,3704,S,B,2,14.1,2019,1,2018,4,10,31
2018-10-31,35160020,35160026,Total--Interest on Treasury Debt Securities (Gross),31647532106.45,null,31647532106.45,31647532106.45,null,31647532106.45,24411569716.36,null,24411569716.36,5,496,496,4176,T,P,4,16.9.1.3,2019,1,2018,4,10,31
2018-10-31,35160018,35160028,Total--Interest on the Public Debt,31647532106.45,null,31647532106.45,31647532106.45,null,31647532106.45,24411569716.36,null,24411569716.36,5,497,497,4177,T,B,3,16.9.2,2019,1,2018,4,10,31
2018-10-31,35159930,35160030,Other,9599700.62,null,9599700.62,9599700.62,null,9599700.62,8879977.52,null,8879977.52,5,498,498,4180,D,P,2,16.10,2019,1,2018,4,10,31
2018-10-31,35159930,35160032,Proprietary Receipts from the Public,null,254297881.67,-254297881.67,null,254297881.67,-254297881.67,null,249499005.97,-249499005.97,5,499,499,4188,D,P,2,16.11,2019,1,2018,4,10,31
2018-10-31,35159930,35160034,Intrabudgetary Transactions,-94201434.74,null,-94201434.74,-94201434.74,null,-94201434.74,-174221347.34,null,-174221347.34,5,500,500,4195,D,P,2,16.12,2019,1,2018,4,10,31
2018-10-31,35159930,35160038,Total--Department of the Treasury,38206855565.09,462286706.54,37744568858.55,38206855565.09,462286706.54,37744568858.55,30339400661.30,444479873.86,29894920787.44,5,501,501,4200,T,C,2,16.13,2019,1,2018,4,10,31
2018-10-31,null,35160040,Department of Veterans Affairs:,null,null,null,null,null,null,null,null,null,5,502,502,4202,S,C,1,17,2019,1,2018,4,10,31
2018-10-31,35160040,35160042,Joint DOD-VA Medical Facility Demonstration Fund,32088244.23,null,32088244.23,32088244.23,null,32088244.23,21510543.10,null,21510543.10,5,503,503,4203,D,P,2,17.1,2019,1,2018,4,10,31
2018-10-31,35160040,35160044,Veterans Health Administration:,null,null,null,null,null,null,null,null,null,5,504,504,4204,S,B,2,17.2,2019,1,2018,4,10,31
2018-10-31,35160044,35160046,"Veterans Choice Fund, Veterans Health Administration",345266535.65,null,345266535.65,345266535.65,null,345266535.65,336104549.04,null,336104549.04,5,505,505,4205,D,P,3,17.2.1,2019,1,2018,4,10,31
2018-10-31,35160044,35160048,Medical Services,5144141911.22,null,5144141911.22,5144141911.22,null,5144141911.22,4516559133.82,null,4516559133.82,5,506,506,4206,D,P,3,17.2.2,2019,1,2018,4,10,31
2018-10-31,35160044,35160050,Medical Support and Compliance,533418294.08,null,533418294.08,533418294.08,null,533418294.08,505688553.65,null,505688553.65,5,507,507,4207,D,P,3,17.2.3,2019,1,2018,4,10,31
2018-10-31,35160044,35160052,Medical Facilities,492580121.87,null,492580121.87,492580121.87,null,492580121.87,428724032.97,null,428724032.97,5,508,508,4208,D,P,3,17.2.4,2019,1,2018,4,10,31
2018-10-31,35160044,35160054,Other,99341913.27,39012059.99,60329853.28,99341913.27,39012059.99,60329853.28,110265726.59,40898423.85,69367302.74,5,509,509,4209,D,P,3,17.2.5,2019,1,2018,4,10,31
2018-10-31,35160056,35160058,Public Enterprise Funds:,null,null,null,null,null,null,null,null,null,5,511,511,4212,S,P,3,17.3.1,2019,1,2018,4,10,31
2018-10-31,35160058,35160060,Housing Accounts,33660.86,919093.45,-885432.59,33660.86,919093.45,-885432.59,1035858.57,896124.06,139734.51,5,512,512,4213,D,P,4,17.3.1.1,2019,1,2018,4,10,31
2018-10-31,35160058,35160062,Other,53188393.71,53463467.52,-275073.81,53188393.71,53463467.52,-275073.81,73939264.80,74306526.37,-367261.57,5,513,513,4215,D,P,4,17.3.1.2,2019,1,2018,4,10,31
2018-10-31,35160056,35160064,Compensation and Pensions,7943151235.89,null,7943151235.89,7943151235.89,null,7943151235.89,511091986.86,null,511091986.86,5,514,514,4218,D,P,3,17.3.2,2019,1,2018,4,10,31
2018-10-31,35160056,35160066,Readjustment Benefits,1607969279.24,null,1607969279.24,1607969279.24,null,1607969279.24,989672867.45,null,989672867.45,5,515,515,4220,D,P,3,17.3.3,2019,1,2018,4,10,31
2018-10-31,35160070,35160072,National Service Life,62291090.08,null,62291090.08,62291090.08,null,62291090.08,62640930.41,null,62640930.41,5,517,517,4228,D,P,4,17.3.4.1,2019,1,2018,4,10,31
2018-10-31,35160056,35160078,Total--Benefits Programs,9684228335.94,55684095.65,9628544240.29,9684228335.94,55684095.65,9628544240.29,1659950668.89,76592505.32,1583358163.57,5,520,520,4233,T,B,3,17.3.6,2019,1,2018,4,10,31
2018-10-31,35160040,35160080,Departmental Administration:,null,null,null,null,null,null,null,null,null,5,521,521,4243,S,B,2,17.4,2019,1,2018,4,10,31
2018-10-31,35160080,35160082,Construction,71872994.23,null,71872994.23,71872994.23,null,71872994.23,258103486.13,null,258103486.13,5,522,522,4245,D,P,3,17.4.1,2019,1,2018,4,10,31
2018-10-31,35160080,35160084,Information Technology Systems,390036405.22,null,390036405.22,390036405.22,null,390036405.22,412075094.56,null,412075094.56,5,523,523,4247,D,P,3,17.4.2,2019,1,2018,4,10,31
2018-10-31,35160080,35160086,General Operating Expenses,377380918.77,164382.65,377216536.12,377380918.77,164382.65,377216536.12,282057172.01,159248.35,281897923.66,5,524,524,4249,D,P,3,17.4.3,2019,1,2018,4,10,31
2018-10-31,35160080,35160088,Other,112709834.73,null,112709834.73,112709834.73,null,112709834.73,164403891.00,null,164403891.00,5,525,525,4251,D,P,3,17.4.4,2019,1,2018,4,10,31
2018-10-31,35160040,35160090,Proprietary Receipts from the Public:,null,null,null,null,null,null,null,null,null,5,526,526,4253,S,P,2,17.5,2019,1,2018,4,10,31
2018-10-31,35160090,35160092,National Service Life,null,-2468032.59,2468032.59,null,-2468032.59,2468032.59,null,4465329.59,-4465329.59,5,527,527,4255,D,P,3,17.5.1,2019,1,2018,4,10,31
2018-10-31,35160090,35160094,Other,null,328490239.19,-328490239.19,null,328490239.19,-328490239.19,null,299357844.46,-299357844.46,5,528,528,4260,D,P,3,17.5.2,2019,1,2018,4,10,31
2018-10-31,35160040,35160098,Total--Department of Veterans Affairs,17260806977.53,420882744.89,16839924232.64,17260806977.53,420882744.89,16839924232.64,8686900462.53,421473351.57,8265427110.96,5,530,530,4264,T,C,2,17.7,2019,1,2018,4,10,31
2018-10-31,35160100,35160102,Construction,194694812.51,null,194694812.51,194694812.51,null,194694812.51,-11817022.19,null,-11817022.19,5,532,532,4266,D,P,2,18.1,2019,1,2018,4,10,31
2018-10-31,35160100,35160104,Operation and Maintenance,388512025.14,null,388512025.14,388512025.14,null,388512025.14,250268187.16,null,250268187.16,5,533,533,4267,D,P,2,18.2,2019,1,2018,4,10,31
2018-10-31,35159286,35159288,Credit Accounts:,null,null,null,null,null,null,null,null,null,5,295,295,3179,S,P,3,10.3.1,2019,1,2018,4,10,31
2018-10-31,35159844,35159886,National Highway Traffic Safety Administration,78957206.12,null,78957206.12,78957206.12,null,78957206.12,93007735.17,null,93007735.17,5,442,442,3940,D,B,2,15.5,2019,1,2018,4,10,31
2018-10-31,35160100,35160106,Flood Control and Coastal Emergencies,110581464.34,null,110581464.34,110581464.34,null,110581464.34,76187672.62,null,76187672.62,5,534,534,4268,D,P,2,18.3,2019,1,2018,4,10,31
2018-10-31,35160100,35160108,Harbor Maintenance Trust Fund,-147355765.99,null,-147355765.99,-147355765.99,null,-147355765.99,null,null,null,5,535,535,4269,D,P,2,18.4,2019,1,2018,4,10,31
2018-10-31,35160100,35160110,Rivers and Harbors Contributed Funds,31217759.71,null,31217759.71,31217759.71,null,31217759.71,19187078.13,null,19187078.13,5,536,536,4270,D,P,2,18.5,2019,1,2018,4,10,31
2018-10-31,35160100,35160112,Other,110899422.38,null,110899422.38,110899422.38,null,110899422.38,81375713.96,null,81375713.96,5,537,537,4271,D,P,2,18.6,2019,1,2018,4,10,31
2018-10-31,35160100,35160114,Proprietary Receipts from the Public,null,47748651.13,-47748651.13,null,47748651.13,-47748651.13,null,298398902.22,-298398902.22,5,538,538,4272,D,P,2,18.7,2019,1,2018,4,10,31
2018-10-31,35160100,35160116,Intrabudgetary Transactions,493062.50,null,493062.50,493062.50,null,493062.50,257783.22,null,257783.22,5,539,539,4273,D,P,2,18.8,2019,1,2018,4,10,31
2018-10-31,35160100,35160118,Total--Corps of Engineers,689042780.59,47748651.13,641294129.46,689042780.59,47748651.13,641294129.46,415459412.90,298398902.22,117060510.68,5,540,540,4275,T,C,2,18.9,2019,1,2018,4,10,31
2018-10-31,null,35160120,Other Defense Civil Programs:,null,null,null,null,null,null,null,null,null,5,541,541,4276,S,C,1,19,2019,1,2018,4,10,31
2018-10-31,35160120,35160122,Military Retirement:,null,null,null,null,null,null,null,null,null,5,542,542,4277,S,B,2,19.1,2019,1,2018,4,10,31
2018-10-31,35160122,35160124,Payment to Military Retirement Fund,87996000000.00,null,87996000000.00,87996000000.00,null,87996000000.00,82877000000.00,null,82877000000.00,5,543,543,4278,D,P,3,19.1.1,2019,1,2018,4,10,31
2018-10-31,35160122,35160126,Military Retirement Fund,4903395503.12,null,4903395503.12,4903395503.12,null,4903395503.12,421940961.67,null,421940961.67,5,544,544,4279,D,P,3,19.1.2,2019,1,2018,4,10,31
2018-10-31,35160120,35160128,Retiree Health Care:,null,null,null,null,null,null,null,null,null,5,545,545,4280,S,B,2,19.2,2019,1,2018,4,10,31
2018-10-31,35160128,35160130,Payment to Department of Defense Medicare-Eligible Retiree Health Care Fund,5720000000.00,null,5720000000.00,5720000000.00,null,5720000000.00,6567000000.00,null,6567000000.00,5,546,546,4282,D,P,3,19.2.1,2019,1,2018,4,10,31
2018-10-31,35160128,35160132,Department of Defense Medicare-Eligible Retiree Health Care Fund,1299087618.91,null,1299087618.91,1299087618.91,null,1299087618.91,1125246060.60,null,1125246060.60,5,547,547,4284,D,P,3,19.2.2,2019,1,2018,4,10,31
2018-10-31,35160120,35160134,Educational Benefits,23016606.46,null,23016606.46,23016606.46,null,23016606.46,25436054.08,null,25436054.08,5,548,548,4285,D,B,2,19.3,2019,1,2018,4,10,31
2018-10-31,35160120,35160136,Other,18377074.16,null,18377074.16,18377074.16,null,18377074.16,19274249.09,null,19274249.09,5,549,549,4286,D,P,2,19.4,2019,1,2018,4,10,31
2018-10-31,35160120,35160138,Proprietary Receipts from the Public,null,1887658.33,-1887658.33,null,1887658.33,-1887658.33,null,1846060.87,-1846060.87,5,550,550,4287,D,P,2,19.5,2019,1,2018,4,10,31
2018-10-31,35160120,35160140,Intrabudgetary Transactions,-95210593740.31,null,-95210593740.31,-95210593740.31,null,-95210593740.31,-88735116476.69,null,-88735116476.69,5,551,551,4288,D,P,2,19.6,2019,1,2018,4,10,31
2018-10-31,35160120,35160142,Total--Other Defense Civil Programs,4749283062.34,1887658.33,4747395404.01,4749283062.34,1887658.33,4747395404.01,2300780848.75,1846060.87,2298934787.88,5,552,552,4289,T,C,2,19.7,2019,1,2018,4,10,31
2018-10-31,null,35160144,Environmental Protection Agency:,null,null,null,null,null,null,null,null,null,5,553,553,4290,S,C,1,20,2019,1,2018,4,10,31
2018-10-31,35160144,35160146,Science and Technology,70635863.61,null,70635863.61,70635863.61,null,70635863.61,45433860.20,null,45433860.20,5,554,554,4291,D,P,2,20.1,2019,1,2018,4,10,31
2018-10-31,35160144,35160148,Environmental Programs and Management,202899743.57,null,202899743.57,202899743.57,null,202899743.57,262467725.65,null,262467725.65,5,555,555,4292,D,P,2,20.2,2019,1,2018,4,10,31
2018-10-31,35160144,35160150,State and Tribal Assistance Grants,378271877.49,null,378271877.49,378271877.49,null,378271877.49,338411756.22,null,338411756.22,5,556,556,4293,D,P,2,20.3,2019,1,2018,4,10,31
2018-10-31,35160144,35160154,Hazardous Substance Superfund,96846150.77,null,96846150.77,96846150.77,null,96846150.77,33743252.66,null,33743252.66,5,557,557,4295,D,P,2,20.4,2019,1,2018,4,10,31
2018-10-31,35160144,35160156,Other,-53607896.53,1336342.10,-54944238.63,-53607896.53,1336342.10,-54944238.63,35774679.83,29896.20,35744783.63,5,558,558,4296,D,P,2,20.5,2019,1,2018,4,10,31
2018-10-31,35160144,35160158,Proprietary Receipts from the Public,null,5104974.23,-5104974.23,null,5104974.23,-5104974.23,null,3234339.46,-3234339.46,5,559,559,4297,D,P,2,20.6,2019,1,2018,4,10,31
2018-10-31,35160144,35160160,Intrabudgetary Transactions,43262969.31,null,43262969.31,43262969.31,null,43262969.31,40969674.70,null,40969674.70,5,560,560,4298,D,P,2,20.7,2019,1,2018,4,10,31
2018-10-31,35160144,35160162,Offsetting Governmental Receipts,null,1559209.17,-1559209.17,null,1559209.17,-1559209.17,null,1288230.59,-1288230.59,5,561,561,4299,D,P,2,20.8,2019,1,2018,4,10,31
2018-10-31,35160144,35160164,Total--Environmental Protection Agency,738308708.22,8000525.50,730308182.72,738308708.22,8000525.50,730308182.72,756800949.26,4552466.25,752248483.01,5,562,562,4300,T,C,2,20.9,2019,1,2018,4,10,31
2018-10-31,35160166,35160168,The White House,4232660.75,null,4232660.75,4232660.75,null,4232660.75,4357194.93,null,4357194.93,5,564,564,4304,D,B,2,21.1,2019,1,2018,4,10,31
2018-10-31,35160166,35160170,Office of Management and Budget,8036844.17,null,8036844.17,8036844.17,null,8036844.17,7325014.77,null,7325014.77,5,565,565,4305,D,B,2,21.2,2019,1,2018,4,10,31
2018-10-31,null,35158768,Department of Commerce:,null,null,null,null,null,null,null,null,null,5,74,74,1590,S,C,1,4,2019,1,2018,4,10,31
2018-10-31,35158976,35158978,Office of Elementary and Secondary Education:,null,null,null,null,null,null,null,null,null,5,147,147,2591,S,B,2,6.1,2019,1,2018,4,10,31
2018-10-31,35159044,35159066,Energy Programs:,null,null,null,null,null,null,null,null,null,5,187,187,2658,S,B,2,7.3,2019,1,2018,4,10,31
2018-10-31,35160166,35160172,Unanticipated Needs,2148797.52,null,2148797.52,2148797.52,null,2148797.52,2345088.99,null,2345088.99,5,566,566,4307,D,B,2,21.3,2019,1,2018,4,10,31
2018-10-31,35160166,35160174,Other,18064204.43,null,18064204.43,18064204.43,null,18064204.43,15590578.98,null,15590578.98,5,567,567,4309,D,P,2,21.4,2019,1,2018,4,10,31
2018-10-31,35160166,35160176,Proprietary Receipts from the Public,null,2061.66,-2061.66,null,2061.66,-2061.66,null,780.41,-780.41,5,568,568,4315,D,P,2,21.5,2019,1,2018,4,10,31
2018-10-31,35160166,35160178,Intrabudgetary Transactions,-21788.26,null,-21788.26,-21788.26,null,-21788.26,-109.92,null,-109.92,5,569,569,4316,D,P,2,21.6,2019,1,2018,4,10,31
2018-10-31,35160166,35160180,Total--Executive Office of the President,32460718.61,2061.66,32458656.95,32460718.61,2061.66,32458656.95,29617767.75,780.41,29616987.34,5,570,570,4320,T,C,2,21.7,2019,1,2018,4,10,31
2018-10-31,null,35160182,General Services Administration:,null,null,null,null,null,null,null,null,null,5,571,571,4326,S,C,1,22,2019,1,2018,4,10,31
2018-10-31,35160182,35160184,Real Property Activities,28882932.41,null,28882932.41,28882932.41,null,28882932.41,-57938916.06,null,-57938916.06,5,572,572,4327,D,B,2,22.1,2019,1,2018,4,10,31
2018-10-31,35160182,35160186,Supply and Technology Activities,6594570.50,null,6594570.50,6594570.50,null,6594570.50,-1396460.08,null,-1396460.08,5,573,573,4328,D,B,2,22.2,2019,1,2018,4,10,31
2018-10-31,35160182,35160188,General Activities,33948272.52,null,33948272.52,33948272.52,null,33948272.52,17411337.00,null,17411337.00,5,574,574,4329,D,B,2,22.3,2019,1,2018,4,10,31
2018-10-31,35160182,35160190,Proprietary Receipts from the Public,null,13284878.47,-13284878.47,null,13284878.47,-13284878.47,null,10745119.02,-10745119.02,5,575,575,4330,D,P,2,22.4,2019,1,2018,4,10,31
2018-10-31,35160182,35160191,Intrabudgetary Transactions,-8795449.21,null,-8795449.21,-8795449.21,null,-8795449.21,-2479433.77,null,-2479433.77,5,576,576,4332,D,P,2,22.5,2019,1,2018,4,10,31
2018-10-31,35160182,35160192,Total--General Services Administration,60630326.22,13284878.47,47345447.75,60630326.22,13284878.47,47345447.75,-44403472.91,10745119.02,-55148591.93,5,577,577,4334,T,C,2,22.6,2019,1,2018,4,10,31
2018-10-31,null,35160193,International Assistance Programs:,null,null,null,null,null,null,null,null,null,5,578,578,4335,S,C,1,23,2019,1,2018,4,10,31
2018-10-31,35160193,35160194,Millennium Challenge Corporation,66800142.47,null,66800142.47,66800142.47,null,66800142.47,37456052.68,null,37456052.68,5,579,579,4336,D,B,2,23.1,2019,1,2018,4,10,31
2018-10-31,35160193,35160195,International Security Assistance:,null,null,null,null,null,null,null,null,null,5,580,580,4337,S,B,2,23.2,2019,1,2018,4,10,31
2018-10-31,35160195,35160197,Foreign Military Financing Program,1247846968.76,null,1247846968.76,1247846968.76,null,1247846968.76,113567534.14,null,113567534.14,5,581,581,4339,D,P,3,23.2.1,2019,1,2018,4,10,31
2018-10-31,35160195,35160198,Economic Support Fund,380794375.16,null,380794375.16,380794375.16,null,380794375.16,260895811.43,null,260895811.43,5,582,582,4340,D,P,3,23.2.2,2019,1,2018,4,10,31
2018-10-31,35160195,35160199,Other,152531363.24,null,152531363.24,152531363.24,null,152531363.24,155425639.58,152285.96,155273353.62,5,583,583,4341,D,P,3,23.2.3,2019,1,2018,4,10,31
2018-10-31,35160195,35160201,Total--International Security Assistance,1781172707.16,null,1781172707.16,1781172707.16,null,1781172707.16,529888985.15,152285.96,529736699.19,5,584,584,4343,T,B,3,23.2.4,2019,1,2018,4,10,31
2018-10-31,35160202,35160204,Other,303890986.32,null,303890986.32,303890986.32,null,303890986.32,292032428.28,null,292032428.28,5,586,586,4348,D,P,3,23.3.1,2019,1,2018,4,10,31
2018-10-31,35160202,35160206,Total--Multilateral Assistance,303890986.32,null,303890986.32,303890986.32,null,303890986.32,292032428.28,null,292032428.28,5,587,587,4350,T,B,3,23.3.2,2019,1,2018,4,10,31
2018-10-31,35160193,35160207,Agency for International Development:,null,null,null,null,null,null,null,null,null,5,588,588,4352,S,B,2,23.4,2019,1,2018,4,10,31
2018-10-31,35160207,35160208,Development Assistance Program,184261709.16,null,184261709.16,184261709.16,null,184261709.16,210398889.38,null,210398889.38,5,589,589,4353,D,P,3,23.4.1,2019,1,2018,4,10,31
2018-10-31,null,35158612,Department of Agriculture:,null,null,null,null,null,null,null,null,null,5,23,23,1400,S,C,1,3,2019,1,2018,4,10,31
2018-10-31,35160207,35160209,"Assistance for Europe, Eurasia and Central Asia",46121202.51,null,46121202.51,46121202.51,null,46121202.51,85414952.28,null,85414952.28,5,590,590,4354,D,P,3,23.4.2,2019,1,2018,4,10,31
2018-10-31,35160207,35160210,International Disaster Assistance,471256394.52,null,471256394.52,471256394.52,null,471256394.52,458086391.01,null,458086391.01,5,591,591,4355,D,P,3,23.4.3,2019,1,2018,4,10,31
2018-10-31,35160207,35160211,Operating Expenses,90649930.74,null,90649930.74,90649930.74,null,90649930.74,93846039.66,null,93846039.66,5,592,592,4359,D,P,3,23.4.4,2019,1,2018,4,10,31
2018-10-31,35160207,35160212,Other,145986757.39,6366810.50,139619946.89,145986757.39,6366810.50,139619946.89,69255762.82,null,69255762.82,5,593,593,4362,D,P,3,23.4.5,2019,1,2018,4,10,31
2018-10-31,35160207,35160213,Proprietary Receipts from the Public,null,104568756.92,-104568756.92,null,104568756.92,-104568756.92,null,24734.23,-24734.23,5,594,594,4363,D,P,3,23.4.6,2019,1,2018,4,10,31
2018-10-31,35160207,35160214,Intrabudgetary Transactions,-288399.80,null,-288399.80,-288399.80,null,-288399.80,1197906.22,null,1197906.22,5,595,595,4364,D,P,3,23.4.7,2019,1,2018,4,10,31
2018-10-31,35160207,35160215,Total--Agency for International Development,937987594.52,110935567.42,827052027.10,937987594.52,110935567.42,827052027.10,918199941.37,24734.23,918175207.14,5,596,596,4365,T,B,3,23.4.8,2019,1,2018,4,10,31
2018-10-31,35160193,35160216,Overseas Private Investment Corporation:,null,null,null,null,null,null,null,null,null,5,597,597,4366,S,B,2,23.5,2019,1,2018,4,10,31
2018-10-31,35160216,35160217,Overseas Private Investment Corporation Accounts,7142022.61,8591641.15,-1449618.54,7142022.61,8591641.15,-1449618.54,14880277.54,20841083.19,-5960805.65,5,598,598,4368,D,P,3,23.5.1,2019,1,2018,4,10,31
2018-10-31,35160216,35160218,Proprietary Receipts from the Public,null,36356337.44,-36356337.44,null,36356337.44,-36356337.44,null,15185420.90,-15185420.90,5,599,599,4369,D,P,3,23.5.2,2019,1,2018,4,10,31
2018-10-31,35160216,35160220,Total--Overseas Private Investment Corporation,7142022.61,44947978.59,-37805955.98,7142022.61,44947978.59,-37805955.98,14880277.54,36026504.09,-21146226.55,5,600,600,4371,T,B,3,23.5.3,2019,1,2018,4,10,31
2018-10-31,35160193,35160221,Peace Corps,36835960.30,461844.32,36374115.98,36835960.30,461844.32,36374115.98,36617062.42,149679.61,36467382.81,5,601,601,4372,D,B,2,23.6,2019,1,2018,4,10,31
2018-10-31,35160193,35160223,Military Sales Program:,null,null,null,null,null,null,null,null,null,5,602,602,4374,S,B,2,23.7,2019,1,2018,4,10,31
2018-10-31,35160223,35160224,Foreign Military Sales Trust Fund,2320049827.09,null,2320049827.09,2320049827.09,null,2320049827.09,2082092486.70,null,2082092486.70,5,603,603,4375,D,P,3,23.7.1,2019,1,2018,4,10,31
2018-10-31,35160223,35160225,Other,28261729.45,null,28261729.45,28261729.45,null,28261729.45,2877444.87,269411.04,2608033.83,5,604,604,4376,D,P,3,23.7.2,2019,1,2018,4,10,31
2018-10-31,35160223,35160226,Proprietary Receipts from the Public,null,3225768919.63,-3225768919.63,null,3225768919.63,-3225768919.63,null,879016451.47,-879016451.47,5,605,605,4377,D,P,3,23.7.3,2019,1,2018,4,10,31
2018-10-31,35160193,35160227,Other,8952008.78,16765.65,8935243.13,8952008.78,16765.65,8935243.13,9081624.13,70435.29,9011188.84,5,606,606,4379,D,P,2,23.8,2019,1,2018,4,10,31
2018-10-31,35160193,35160228,Total--International Assistance Programs,5491092978.70,3382131075.61,2108961903.09,5491092978.70,3382131075.61,2108961903.09,3923126303.14,915709501.69,3007416801.45,5,607,607,4380,T,C,2,23.9,2019,1,2018,4,10,31
2018-10-31,null,35160229,National Aeronautics and Space Administration:,null,null,null,null,null,null,null,null,null,5,608,608,4381,S,C,1,24,2019,1,2018,4,10,31
2018-10-31,35160229,35160230,Science,575941345.91,null,575941345.91,575941345.91,null,575941345.91,489375293.13,null,489375293.13,5,609,609,4382,D,P,2,24.1,2019,1,2018,4,10,31
2018-10-31,35160229,35160231,Aeronautics,62438275.93,null,62438275.93,62438275.93,null,62438275.93,49355934.52,null,49355934.52,5,610,610,4383,D,P,2,24.2,2019,1,2018,4,10,31
2018-10-31,35160229,35160232,Exploration,348129102.04,null,348129102.04,348129102.04,null,348129102.04,334773037.37,null,334773037.37,5,611,611,4384,D,P,2,24.3,2019,1,2018,4,10,31
2018-10-31,35160229,35160233,Cross Agency Support,284388345.90,null,284388345.90,284388345.90,null,284388345.90,195684399.82,null,195684399.82,5,612,612,4385,D,P,2,24.4,2019,1,2018,4,10,31
2018-10-31,35160229,35160234,Space Operations,426471884.82,null,426471884.82,426471884.82,null,426471884.82,374242440.50,null,374242440.50,5,613,613,4386,D,P,2,24.5,2019,1,2018,4,10,31
2018-10-31,35160229,35160235,Other,90463569.79,null,90463569.79,90463569.79,null,90463569.79,88105171.30,null,88105171.30,5,614,614,4387,D,P,2,24.6,2019,1,2018,4,10,31
2018-10-31,35160229,35160236,Proprietary Receipts from the Public,null,475755.45,-475755.45,null,475755.45,-475755.45,null,110291.30,-110291.30,5,615,615,4388,D,P,2,24.7,2019,1,2018,4,10,31
2018-10-31,35160229,35160237,Intrabudgetary Transactions,-40229.51,null,-40229.51,-40229.51,null,-40229.51,-30088.86,null,-30088.86,5,616,616,4389,D,P,2,24.8,2019,1,2018,4,10,31
2018-10-31,35160229,35160238,Total--National Aeronautics and Space Administration,1787792294.88,475755.45,1787316539.43,1787792294.88,475755.45,1787316539.43,1531506187.78,110291.30,1531395896.48,5,617,617,4392,T,C,2,24.9,2019,1,2018,4,10,31
2018-10-31,35160239,35160240,Research and Related Activities,510396652.75,null,510396652.75,510396652.75,null,510396652.75,497922665.18,null,497922665.18,5,619,619,4394,D,P,2,25.1,2019,1,2018,4,10,31
2018-10-31,35160239,35160241,Education and Human Resources,93278528.85,null,93278528.85,93278528.85,null,93278528.85,83014213.74,null,83014213.74,5,620,620,4395,D,P,2,25.2,2019,1,2018,4,10,31
2018-10-31,35160239,35160242,Other,39470826.68,null,39470826.68,39470826.68,null,39470826.68,60853635.69,null,60853635.69,5,621,621,4396,D,P,2,25.3,2019,1,2018,4,10,31
2018-10-31,35160239,35160243,Proprietary Receipts from the Public,null,11144598.82,-11144598.82,null,11144598.82,-11144598.82,null,37798.61,-37798.61,5,622,622,4397,D,P,2,25.4,2019,1,2018,4,10,31
2018-10-31,35160239,35160245,Total--National Science Foundation,643146008.28,11144598.82,632001409.46,643146008.28,11144598.82,632001409.46,641790514.61,37798.61,641752716.00,5,623,623,4399,T,C,2,25.5,2019,1,2018,4,10,31
2018-10-31,null,35160246,Office of Personnel Management:,null,null,null,null,null,null,null,null,null,5,624,624,4400,S,C,1,26,2019,1,2018,4,10,31
2018-10-31,35159930,35159944,Bureau of the Fiscal Service:,null,null,null,null,null,null,null,null,null,5,467,467,4062,S,B,2,16.2,2019,1,2018,4,10,31
2018-10-31,35160246,35160247,"Government Payment for Annuitants, Employees Health and Life Insurance Benefits",1091166668.04,null,1091166668.04,1091166668.04,null,1091166668.04,1064302721.82,null,1064302721.82,5,625,625,4403,D,P,2,26.1,2019,1,2018,4,10,31
2018-10-31,35160246,35160249,Postal Service Retiree Health Benefits Fund,309597598.35,null,309597598.35,309597598.35,null,309597598.35,291896796.79,null,291896796.79,5,626,626,4407,D,P,2,26.2,2019,1,2018,4,10,31
2018-10-31,35160246,35160250,Civil Service Retirement and Disability Fund,7410803647.23,null,7410803647.23,7410803647.23,null,7410803647.23,7182855473.24,null,7182855473.24,5,627,627,4410,D,P,2,26.3,2019,1,2018,4,10,31
2018-10-31,35160246,35160251,Employees Life Insurance Fund,245800247.63,284441670.34,-38641422.71,245800247.63,284441670.34,-38641422.71,213406092.65,270604587.24,-57198494.59,5,628,628,4420,D,P,2,26.4,2019,1,2018,4,10,31
2018-10-31,35160246,35160252,Employees and Retired Employees Health Benefits Fund,4744433418.63,4414204274.33,330229144.30,4744433418.63,4414204274.33,330229144.30,4288771089.80,4289533984.73,-762894.93,5,629,629,4425,D,P,2,26.5,2019,1,2018,4,10,31
2018-10-31,35160246,35160254,Proprietary Receipts from the Public,null,468155.32,-468155.32,null,468155.32,-468155.32,null,221612.72,-221612.72,5,631,631,4428,D,P,2,26.7,2019,1,2018,4,10,31
2018-10-31,35160255,35160256,Postal Service Contributions,-2976528.46,null,-2976528.46,-2976528.46,null,-2976528.46,-4368344.06,null,-4368344.06,5,633,633,4430,D,P,3,26.8.1,2019,1,2018,4,10,31
2018-10-31,35160255,35160257,Civil Service Retirement and Disability Fund:,null,null,null,null,null,null,null,null,null,5,634,634,4431,S,P,3,26.8.2,2019,1,2018,4,10,31
2018-10-31,35160257,35160259,Other,-2977290.37,null,-2977290.37,-2977290.37,null,-2977290.37,-3081838.13,null,-3081838.13,5,635,635,4435,D,P,4,26.8.2.1,2019,1,2018,4,10,31
2018-10-31,35160246,35160260,Total--Office of Personnel Management,13859784313.82,4699114099.99,9160670213.83,13859784313.82,4699114099.99,9160670213.83,13066353401.39,4560360184.69,8505993216.70,5,636,636,4436,T,C,2,26.9,2019,1,2018,4,10,31
2018-10-31,35160261,35160262,Salaries and Expenses,62873675.13,100000.00,62773675.13,62873675.13,100000.00,62773675.13,71005759.13,1494.79,71004264.34,5,638,638,4438,D,P,2,27.1,2019,1,2018,4,10,31
2018-10-31,35160261,35160263,Business Loans Program,346910.59,-697297.00,1044207.59,346910.59,-697297.00,1044207.59,557854.46,326545.90,231308.56,5,639,639,4439,D,P,2,27.2,2019,1,2018,4,10,31
2018-10-31,35160261,35160264,Disaster Loans Program,25559060.32,-12587.51,25571647.83,25559060.32,-12587.51,25571647.83,24743000.13,67857.02,24675143.11,5,640,640,4440,D,P,2,27.3,2019,1,2018,4,10,31
2018-10-31,35160261,35160265,Other,12460200.99,2381726.99,10078474.00,12460200.99,2381726.99,10078474.00,16348427.22,2051453.88,14296973.34,5,641,641,4450,D,P,2,27.4,2019,1,2018,4,10,31
2018-10-31,35160261,35160266,Proprietary Receipts from the Public,null,-162412.88,162412.88,null,-162412.88,162412.88,null,-215329.09,215329.09,5,642,642,4452,D,P,2,27.5,2019,1,2018,4,10,31
2018-10-31,35160261,35160267,Intrabudgetary Transactions,251952.03,null,251952.03,251952.03,null,251952.03,306804.86,null,306804.86,5,643,643,4453,D,P,2,27.6,2019,1,2018,4,10,31
2018-10-31,35160261,35160268,Total--Small Business Administration,101491799.06,1609429.60,99882369.46,101491799.06,1609429.60,99882369.46,112961845.80,2232022.50,110729823.30,5,644,644,4455,T,C,2,27.7,2019,1,2018,4,10,31
2018-10-31,null,35160269,Social Security Administration:,null,null,null,null,null,null,null,null,null,5,645,645,4500,S,C,1,28,2019,1,2018,4,10,31
2018-10-31,35160269,35160270,Payments to Social Security Trust Funds,8622574441.80,null,8622574441.80,8622574441.80,null,8622574441.80,9324670130.00,null,9324670130.00,5,646,646,4505,D,P,2,28.1,2019,1,2018,4,10,31
2018-10-31,35160269,35160271,Supplemental Security Income Program,4715170364.53,null,4715170364.53,4715170364.53,null,4715170364.53,337386074.92,null,337386074.92,5,647,647,4515,D,P,2,28.2,2019,1,2018,4,10,31
2018-10-31,35160269,35160272,Federal Old-Age and Survivors Insurance Trust Fund (Off-Budget):,null,null,null,null,null,null,null,null,null,5,648,648,4521,S,P,2,28.3,2019,1,2018,4,10,31
2018-10-31,35160272,35160273,Benefit Payments,71492289850.90,null,71492289850.90,71492289850.90,null,71492289850.90,67565861413.06,null,67565861413.06,5,649,649,4525,D,P,3,28.3.1,2019,1,2018,4,10,31
2018-10-31,35160272,35160274,Administrative Expenses,277785069.37,null,277785069.37,277785069.37,null,277785069.37,241682230.32,null,241682230.32,5,650,650,4530,D,P,3,28.3.2,2019,1,2018,4,10,31
2018-10-31,35160272,35160277,Total--Federal Old-Age and Survivors Insurance Trust Fund (Off-Budget),71770074920.27,null,71770074920.27,71770074920.27,null,71770074920.27,67807543643.38,null,67807543643.38,5,651,651,4550,T,P,3,28.3.3,2019,1,2018,4,10,31
2018-10-31,35160278,35160279,Benefit Payments,11955890338.00,null,11955890338.00,11955890338.00,null,11955890338.00,11956026033.20,null,11956026033.20,5,653,653,4560,D,P,3,28.4.1,2019,1,2018,4,10,31
2018-10-31,35160278,35160280,Administrative Expenses,219384641.00,null,219384641.00,219384641.00,null,219384641.00,209550117.98,null,209550117.98,5,654,654,4565,D,P,3,28.4.2,2019,1,2018,4,10,31
2018-10-31,35160278,35160283,Total--Federal Disability Insurance Trust Fund (Off-Budget),12175274979.00,null,12175274979.00,12175274979.00,null,12175274979.00,12165576151.18,null,12165576151.18,5,655,655,4580,T,P,3,28.4.3,2019,1,2018,4,10,31
2018-10-31,35160269,35160284,Other,13526668.22,null,13526668.22,13526668.22,null,13526668.22,3188319.48,null,3188319.48,5,656,656,4583,D,P,2,28.5,2019,1,2018,4,10,31
2018-10-31,35160269,35160285,Proprietary Receipts from the Public:,null,null,null,null,null,null,null,null,null,5,657,657,4585,S,P,2,28.6,2019,1,2018,4,10,31
2018-10-31,35160285,35160286,On-Budget,null,18803298.22,-18803298.22,null,18803298.22,-18803298.22,null,1037508.66,-1037508.66,5,658,658,4590,D,P,3,28.6.1,2019,1,2018,4,10,31
2018-10-31,35160285,35160287,Off-Budget,null,3313024.85,-3313024.85,null,3313024.85,-3313024.85,null,3150274.44,-3150274.44,5,659,659,4595,D,P,3,28.6.2,2019,1,2018,4,10,31
2018-10-31,35160288,35160291,Off-Budget,-8622574441.80,null,-8622574441.80,-8622574441.80,null,-8622574441.80,-9324670130.00,null,-9324670130.00,5,661,661,4610,D,P,3,28.7.1,2019,1,2018,4,10,31
2018-10-31,35160269,35160292,Total--Social Security Administration,88674046932.02,22116323.07,88651930608.95,88674046932.02,22116323.07,88651930608.95,80313694188.96,4187783.10,80309506405.86,5,662,662,4620,T,C,2,28.8,2019,1,2018,4,10,31
2018-10-31,null,35160293,Independent Agencies:,null,null,null,null,null,null,null,null,null,5,663,663,4800,S,C,1,29,2019,1,2018,4,10,31
2018-10-31,35160293,35160294,Broadcasting Board of Governors,44688653.74,-263807.98,44952461.72,44688653.74,-263807.98,44952461.72,56259231.45,-106302.07,56365533.52,5,664,664,5050,D,A,2,29.1,2019,1,2018,4,10,31
2018-10-31,35160293,35160295,Bureau of Consumer Financial Protection,27024583.78,null,27024583.78,27024583.78,null,27024583.78,46692104.77,null,46692104.77,5,665,665,5060,D,A,2,29.2,2019,1,2018,4,10,31
2018-10-31,35158812,35158882,"Research, Development, Test, and Evaluation:",null,null,null,null,null,null,null,null,null,5,107,107,2195,S,B,2,5.5,2019,1,2018,4,10,31
2018-10-31,null,35159844,Department of Transportation:,null,null,null,null,null,null,null,null,null,5,423,423,3801,S,C,1,15,2019,1,2018,4,10,31
2018-10-31,35160293,35160296,Corporation for National and Community Service,97541232.77,171476.72,97369756.05,97541232.77,171476.72,97369756.05,92441008.17,363698.04,92077310.13,5,666,666,5110,D,A,2,29.3,2019,1,2018,4,10,31
2018-10-31,35160293,35160297,Corporation for Public Broadcasting,445000000.00,null,445000000.00,445000000.00,null,445000000.00,451363830.00,null,451363830.00,5,667,667,5115,D,A,2,29.4,2019,1,2018,4,10,31
2018-10-31,35160293,35160298,District of Columbia:,null,null,null,null,null,null,null,null,null,5,668,668,5116,S,A,2,29.5,2019,1,2018,4,10,31
2018-10-31,35160298,35160300,Courts,25080341.56,40.00,25080301.56,25080341.56,40.00,25080301.56,34794893.89,null,34794893.89,5,669,669,5117,D,P,3,29.5.1,2019,1,2018,4,10,31
2018-10-31,35160298,35160301,General and Special Payments,63708171.84,18099801.06,45608370.78,63708171.84,18099801.06,45608370.78,62200212.16,14929713.87,47270498.29,5,670,670,5120,D,P,3,29.5.2,2019,1,2018,4,10,31
2018-10-31,35160293,35160303,Equal Employment Opportunity Commission,29246124.50,157092.15,29089032.35,29246124.50,157092.15,29089032.35,29679171.03,84281.65,29594889.38,5,671,671,5140,D,A,2,29.6,2019,1,2018,4,10,31
2018-10-31,35160293,35160304,Export-Import Bank of the United States,1506062.96,null,1506062.96,1506062.96,null,1506062.96,9769627.44,-4170101.52,13939728.96,5,672,672,5150,D,A,2,29.7,2019,1,2018,4,10,31
2018-10-31,35160293,35160305,Federal Communications Commission:,null,null,null,null,null,null,null,null,null,5,673,673,5198,S,A,2,29.8,2019,1,2018,4,10,31
2018-10-31,35160305,35160306,Universal Service Fund,922643204.62,null,922643204.62,922643204.62,null,922643204.62,923191895.17,null,923191895.17,5,674,674,5201,D,P,3,29.8.1,2019,1,2018,4,10,31
2018-10-31,35160305,35160308,Other,-37439352.98,4260622.87,-41699975.85,-37439352.98,4260622.87,-41699975.85,41382992.01,1927922.65,39455069.36,5,675,675,5205,D,P,3,29.8.2,2019,1,2018,4,10,31
2018-10-31,35160293,35160309,Federal Deposit Insurance Corporation:,null,null,null,null,null,null,null,null,null,5,676,676,5207,S,A,2,29.9,2019,1,2018,4,10,31
2018-10-31,35160309,35160314,Deposit Insurance Fund,-47662976.98,null,-47662976.98,-47662976.98,null,-47662976.98,-306970390.46,null,-306970390.46,5,677,677,5211,D,P,3,29.9.1,2019,1,2018,4,10,31
2018-10-31,35160309,35160315,FSLIC Resolution Fund,42965.23,1688694.13,-1645728.90,42965.23,1688694.13,-1645728.90,48583.63,735081.76,-686498.13,5,678,678,5212,D,P,3,29.9.2,2019,1,2018,4,10,31
2018-10-31,35160309,35160317,Total--Federal Deposit Insurance Corporation,-47620011.75,1688694.13,-49308705.88,-47620011.75,1688694.13,-49308705.88,-306921806.83,735081.76,-307656888.59,5,679,679,5215,T,A,3,29.9.3,2019,1,2018,4,10,31
2018-10-31,35160293,35160318,Federal Drug Control Programs,23846612.89,null,23846612.89,23846612.89,null,23846612.89,23251496.43,null,23251496.43,5,680,680,5250,D,A,2,29.10,2019,1,2018,4,10,31
2018-10-31,35160293,35160319,Federal Housing Finance Agency,21325901.06,null,21325901.06,21325901.06,null,21325901.06,22807717.58,null,22807717.58,5,681,681,5260,D,A,2,29.11,2019,1,2018,4,10,31
2018-10-31,35160293,35160320,Institute of Museum and Library Services,11958036.84,3623.14,11954413.70,11958036.84,3623.14,11954413.70,18745807.20,null,18745807.20,5,682,682,5353,D,A,2,29.12,2019,1,2018,4,10,31
2018-10-31,35160293,35160321,Intelligence Community Management Account,29752517.36,null,29752517.36,29752517.36,null,29752517.36,32934763.20,null,32934763.20,5,683,683,5270,D,A,2,29.13,2019,1,2018,4,10,31
2018-10-31,35160293,35160322,Legal Services Corporation,2173167.00,null,2173167.00,2173167.00,null,2173167.00,1180876.00,null,1180876.00,5,684,684,5335,D,A,2,29.14,2019,1,2018,4,10,31
2018-10-31,35160293,35160323,National Archives and Records Administration,30187919.01,1681775.48,28506143.53,30187919.01,1681775.48,28506143.53,30029318.34,2421710.77,27607607.57,5,685,685,5340,D,A,2,29.15,2019,1,2018,4,10,31
2018-10-31,35160293,35160324,National Credit Union Administration,244669762.14,490679055.68,-246009293.54,244669762.14,490679055.68,-246009293.54,487038590.44,909677082.44,-422638492.00,5,686,686,5348,D,A,2,29.16,2019,1,2018,4,10,31
2018-10-31,35160293,35160325,National Endowment for the Arts,14885495.00,75.00,14885420.00,14885495.00,75.00,14885420.00,13396609.89,1693.99,13394915.90,5,687,687,5351,D,A,2,29.17,2019,1,2018,4,10,31
2018-10-31,35160293,35160326,National Endowment for the Humanities,9870092.47,1295.11,9868797.36,9870092.47,1295.11,9868797.36,12056112.84,null,12056112.84,5,688,688,5352,D,A,2,29.18,2019,1,2018,4,10,31
2018-10-31,35160293,35160327,National Labor Relations Board,22003349.39,837.94,22002511.45,22003349.39,837.94,22002511.45,24392882.94,371.05,24392511.89,5,689,689,5355,D,A,2,29.19,2019,1,2018,4,10,31
2018-10-31,35160293,35160328,Nuclear Regulatory Commission,70492526.39,90441966.16,-19949439.77,70492526.39,90441966.16,-19949439.77,72187708.82,78573781.34,-6386072.52,5,690,690,5367,D,A,2,29.20,2019,1,2018,4,10,31
2018-10-31,35160330,35160331,Public Enterprise Funds,6943230538.81,6600406365.83,342824172.98,6943230538.81,6600406365.83,342824172.98,6589342090.20,6335234965.81,254107124.39,5,693,693,5383,D,P,4,29.21.1.1,2019,1,2018,4,10,31
2018-10-31,35160330,35160332,Other,2831780.82,null,2831780.82,2831780.82,null,2831780.82,3062465.75,null,3062465.75,5,694,694,5385,D,P,4,29.21.1.2,2019,1,2018,4,10,31
2018-10-31,35160329,35160333,Other,null,null,null,null,null,null,47940821.92,null,47940821.92,5,695,695,5387,D,P,3,29.21.2,2019,1,2018,4,10,31
2018-10-31,35160293,35160334,Railroad Retirement Board:,null,null,null,null,null,null,null,null,null,5,696,696,5394,S,A,2,29.22,2019,1,2018,4,10,31
2018-10-31,35160334,35160335,Federal Windfall Subsidy,1504584.55,null,1504584.55,1504584.55,null,1504584.55,1736233.25,null,1736233.25,5,697,697,5395,D,P,3,29.22.1,2019,1,2018,4,10,31
2018-10-31,35160334,35160336,Federal Payments to the Railroad Retirement Accounts,230453831.63,null,230453831.63,230453831.63,null,230453831.63,178405065.75,null,178405065.75,5,698,698,5396,D,P,3,29.22.2,2019,1,2018,4,10,31
2018-10-31,35160334,35160337,Railroad Unemployment Insurance Trust Fund:,null,null,null,null,null,null,null,null,null,5,699,699,5397,S,P,3,29.22.3,2019,1,2018,4,10,31
2018-10-31,35160337,35160338,Benefit Payments,8778525.87,null,8778525.87,8778525.87,null,8778525.87,8689768.94,null,8689768.94,5,700,700,5398,D,P,4,29.22.3.1,2019,1,2018,4,10,31
2018-10-31,35160334,35160341,Rail Industry Pension Fund:,null,null,null,null,null,null,null,null,null,5,702,702,5401,S,P,3,29.22.4,2019,1,2018,4,10,31
2018-10-31,35160341,35160342,Benefit Payments,457928894.31,null,457928894.31,457928894.31,null,457928894.31,447635777.49,null,447635777.49,5,703,703,5402,D,P,4,29.22.4.1,2019,1,2018,4,10,31
2018-10-31,35160341,35160344,OASDI Certifications,-22719.12,null,-22719.12,-22719.12,null,-22719.12,4848.52,null,4848.52,5,704,704,5406,D,P,4,29.22.4.2,2019,1,2018,4,10,31
2018-10-31,35160341,35160345,Transfer to Administrative Funds,7857785.47,null,7857785.47,7857785.47,null,7857785.47,10221550.00,null,10221550.00,5,705,705,5410,D,P,4,29.22.4.3,2019,1,2018,4,10,31
2018-10-31,35159098,35159188,Intrabudgetary Transactions:,null,null,null,null,null,null,null,null,null,5,246,246,3019,S,P,2,8.14,2019,1,2018,4,10,31
2018-10-31,35159338,35159376,Indian Affairs:,null,null,null,null,null,null,null,null,null,5,336,336,14264,S,BG,2,11.4,2019,1,2018,4,10,31
2018-10-31,35159694,35159724,Other,30351586.04,null,30351586.04,30351586.04,null,30351586.04,22934101.00,null,22934101.00,5,396,396,3675,D,P,3,13.3.5,2019,1,2018,4,10,31
2018-10-31,35160246,35160253,Other,63936552.77,null,63936552.77,63936552.77,null,63936552.77,32571409.28,null,32571409.28,5,630,630,4427,D,P,2,26.6,2019,1,2018,4,10,31
2018-10-31,35160334,35160347,National Railroad Retirement Investment Trust:,null,null,null,null,null,null,null,null,null,5,707,707,5418,S,P,3,29.22.5,2019,1,2018,4,10,31
2018-10-31,35160347,35160349,Administrative Expenses,6346526.86,null,6346526.86,6346526.86,null,6346526.86,12577422.77,null,12577422.77,5,708,708,5422,D,P,4,29.22.5.1,2019,1,2018,4,10,31
2018-10-31,35160347,35160350,Transfers to the Railroad Retirement Trust Funds from the National Railroad Retirement Investment Trust,117000000.00,null,117000000.00,117000000.00,null,117000000.00,302000000.00,null,302000000.00,5,709,709,5424,D,P,4,29.22.5.2,2019,1,2018,4,10,31
2018-10-31,35160334,35160351,Railroad Social Security Equivalent Benefit Account:,null,null,null,null,null,null,null,null,null,5,710,710,5434,S,P,3,29.22.6,2019,1,2018,4,10,31
2018-10-31,35160351,35160352,Benefit Payments,605113412.66,null,605113412.66,605113412.66,null,605113412.66,595412965.13,null,595412965.13,5,711,711,5436,D,P,4,29.22.6.1,2019,1,2018,4,10,31
2018-10-31,35160351,35160353,Transfer To Administrative Funds,1538011.35,null,1538011.35,1538011.35,null,1538011.35,4006750.00,null,4006750.00,5,712,712,5438,D,P,4,29.22.6.2,2019,1,2018,4,10,31
2018-10-31,35160351,35160354,Other,-17884867.45,null,-17884867.45,-17884867.45,null,-17884867.45,-6800283.64,null,-6800283.64,5,713,713,5444,D,P,4,29.22.6.3,2019,1,2018,4,10,31
2018-10-31,35160334,35160355,Proprietary Receipts from the Public,null,19836150.97,-19836150.97,null,19836150.97,-19836150.97,null,342842347.19,-342842347.19,5,714,714,5446,D,P,3,29.22.7,2019,1,2018,4,10,31
2018-10-31,35160356,35160359,Other,-348100552.84,null,-348100552.84,-348100552.84,null,-348100552.84,-481185665.23,null,-481185665.23,5,716,716,5458,D,P,4,29.22.8.1,2019,1,2018,4,10,31
2018-10-31,35160334,35160360,Total--Railroad Retirement Board,1072752398.90,19836150.97,1052916247.93,1072752398.90,19836150.97,1052916247.93,1075050832.61,342842347.19,732208485.42,5,717,717,5460,T,A,3,29.22.9,2019,1,2018,4,10,31
2018-10-31,35160293,35160361,Securities and Exchange Commission,164553606.98,-16364.10,164569971.08,164553606.98,-16364.10,164569971.08,144178470.38,193612.06,143984858.32,5,718,718,5480,D,A,2,29.23,2019,1,2018,4,10,31
2018-10-31,35160293,35160362,Smithsonian Institution,81559828.86,null,81559828.86,81559828.86,null,81559828.86,92685100.49,7172.65,92677927.84,5,719,719,5500,D,A,2,29.24,2019,1,2018,4,10,31
2018-10-31,35160293,35160363,Tennessee Valley Authority,4375961834.64,4361552074.33,14409760.31,4375961834.64,4361552074.33,14409760.31,2757334332.63,2781770529.86,-24436197.23,5,720,720,5525,D,A,2,29.25,2019,1,2018,4,10,31
2018-10-31,35160293,35160364,Other,321334966.73,68404530.72,252930436.01,321334966.73,68404530.72,252930436.01,316359542.64,61930638.96,254428903.68,5,721,721,5570,D,A,2,29.26,2019,1,2018,4,10,31
2018-10-31,35160293,35160365,Total--Independent Agencies,15014769346.33,11657105305.21,3357664041.12,15014769346.33,11657105305.21,3357664041.12,13204828699.56,10526418200.50,2678410499.06,5,722,722,5572,T,C,2,29.27,2019,1,2018,4,10,31
2018-10-31,null,35160366,Undistributed Offsetting Receipts:,null,null,null,null,null,null,null,null,null,5,723,723,5575,S,UOR,1,30,2019,1,2018,4,10,31
2018-10-31,35160366,35160367,Other Interest,null,31482.03,-31482.03,null,31482.03,-31482.03,null,7090.00,-7090.00,5,724,724,5576,D,UORG,2,30.1,2019,1,2018,4,10,31
2018-10-31,35160366,35160368,"Employer Share, Employee Retirement:",null,null,null,null,null,null,null,null,null,5,725,725,5578,S,UORG,2,30.2,2019,1,2018,4,10,31
2018-10-31,null,35159044,Department of Energy:,null,null,null,null,null,null,null,null,null,5,177,177,2640,S,C,1,7,2019,1,2018,4,10,31
2018-10-31,35159202,35159220,Federal Emergency Management Agency:,null,null,null,null,null,null,null,null,null,5,262,262,3080,S,B,2,9.9,2019,1,2018,4,10,31
2018-10-31,35159354,35159356,Bureau of Reclamation:,null,null,null,null,null,null,null,null,null,5,326,326,3324,S,B,3,11.2.1,2019,1,2018,4,10,31
2018-10-31,35159432,35159498,Office of Justice Programs:,null,null,null,null,null,null,null,null,null,5,362,362,3525,S,B,2,12.7,2019,1,2018,4,10,31
2018-10-31,35160370,35160371,Federal Hospital Insurance Trust Fund:,null,null,null,null,null,null,null,null,null,5,727,727,5582,S,P,4,30.2.1.1,2019,1,2018,4,10,31
2018-10-31,35160371,35160372,Federal Employer Contributions,-336000000.00,null,-336000000.00,-336000000.00,null,-336000000.00,-316000000.00,null,-316000000.00,5,728,728,5584,D,P,5,30.2.1.1.1,2019,1,2018,4,10,31
2018-10-31,35160371,35160373,Postal Service Employer Contributions,-52000000.00,null,-52000000.00,-52000000.00,null,-52000000.00,-58000000.00,null,-58000000.00,5,729,729,5586,D,P,5,30.2.1.1.2,2019,1,2018,4,10,31
2018-10-31,35160375,35160376,Foreign Service Retirement and Disability Fund,-27627433.66,null,-27627433.66,-27627433.66,null,-27627433.66,-27202023.67,null,-27202023.67,5,731,731,5594,D,P,4,30.2.2.1,2019,1,2018,4,10,31
2018-10-31,35160368,35160378,Other Defense Civil Programs:,null,null,null,null,null,null,null,null,null,5,732,732,5595,S,C,3,30.2.3,2019,1,2018,4,10,31
2018-10-31,35160378,35160379,Military Retirement Fund,-9631290252.45,null,-9631290252.45,-9631290252.45,null,-9631290252.45,-8253223459.94,null,-8253223459.94,5,733,733,5597,D,P,4,30.2.3.1,2019,1,2018,4,10,31
2018-10-31,35160378,35160380,Department of Defense Medicare-Eligible Retiree Health Care Fund,-7761248602.00,null,-7761248602.00,-7761248602.00,null,-7761248602.00,-8384467120.00,null,-8384467120.00,5,734,734,5600,D,P,4,30.2.3.2,2019,1,2018,4,10,31
2018-10-31,35160381,35160383,Civil Service Retirement and Disability Fund,-2397563883.22,null,-2397563883.22,-2397563883.22,null,-2397563883.22,-2346301384.28,null,-2346301384.28,5,736,736,5608,D,P,4,30.2.4.1,2019,1,2018,4,10,31
2018-10-31,35160368,35160384,Social Security Administration:,null,null,null,null,null,null,null,null,null,5,737,737,5609,S,C,3,30.2.5,2019,1,2018,4,10,31
2018-10-31,35160384,35160385,Federal Old-Age and Survivors Insurance Trust Fund:,null,null,null,null,null,null,null,null,null,5,738,738,5610,S,P,4,30.2.5.1,2019,1,2018,4,10,31
2018-10-31,35160384,35160388,Federal Disability Insurance Trust Fund:,null,null,null,null,null,null,null,null,null,5,740,740,5613,S,P,4,30.2.5.2,2019,1,2018,4,10,31
2018-10-31,35160388,35160389,Federal Employer Contributions,-272000000.00,null,-272000000.00,-272000000.00,null,-272000000.00,-258000000.00,null,-258000000.00,5,741,741,5614,D,P,5,30.2.5.2.1,2019,1,2018,4,10,31
2018-10-31,35160368,35160393,Other,-94335.79,null,-94335.79,-94335.79,null,-94335.79,-78222.42,null,-78222.42,5,742,742,5619,D,C,3,30.2.6,2019,1,2018,4,10,31
2018-10-31,35160368,35160394,"Total--Employer Share, Employee Retirement",-21628824507.12,null,-21628824507.12,-21628824507.12,null,-21628824507.12,-20737272210.31,null,-20737272210.31,5,743,743,5620,T,UORG,3,30.2.7,2019,1,2018,4,10,31
2018-10-31,35160396,35160397,Judicial Survivors Annuity Fund,2397589.71,null,2397589.71,2397589.71,null,2397589.71,1176404.85,null,1176404.85,5,746,746,5623,D,P,4,30.3.1.1,2019,1,2018,4,10,31
2018-10-31,35160398,35160399,Federal Hospital Insurance Trust Fund,-28247595.65,null,-28247595.65,-28247595.65,null,-28247595.65,-14491907.33,null,-14491907.33,5,748,748,5632,D,P,4,30.3.2.1,2019,1,2018,4,10,31
2018-10-31,35160398,35160400,Federal Supplementary Medical Insurance Trust Fund,-60187895.50,null,-60187895.50,-60187895.50,null,-60187895.50,-17742989.79,null,-17742989.79,5,749,749,5634,D,P,4,30.3.2.2,2019,1,2018,4,10,31
2018-10-31,35160401,35160402,Oil Spill Liability Trust Fund,-12339021.09,null,-12339021.09,-12339021.09,null,-12339021.09,-9126946.81,null,-9126946.81,5,751,751,5636,D,P,4,30.3.3.1,2019,1,2018,4,10,31
2018-10-31,35160401,35160403,Other,-2890204.53,null,-2890204.53,-2890204.53,null,-2890204.53,-1727469.05,null,-1727469.05,5,752,752,5637,D,P,4,30.3.3.2,2019,1,2018,4,10,31
2018-10-31,35160395,35160404,Department of Labor:,null,null,null,null,null,null,null,null,null,5,753,753,5638,S,C,3,30.3.4,2019,1,2018,4,10,31
2018-10-31,35160404,35160405,Unemployment Trust Fund,-16127739.03,null,-16127739.03,-16127739.03,null,-16127739.03,-16431397.26,null,-16431397.26,5,754,754,5639,D,P,4,30.3.4.1,2019,1,2018,4,10,31
2018-10-31,35160395,35160406,Department of State:,null,null,null,null,null,null,null,null,null,5,755,755,5640,S,C,3,30.3.5,2019,1,2018,4,10,31
2018-10-31,null,35158976,Department of Education:,null,null,null,null,null,null,null,null,null,5,146,146,2590,S,C,1,6,2019,1,2018,4,10,31
2018-10-31,35160406,35160407,Foreign Service Retirement and Disability Fund,-451003.41,null,-451003.41,-451003.41,null,-451003.41,-138872.73,null,-138872.73,5,756,756,5642,D,P,4,30.3.5.1,2019,1,2018,4,10,31
2018-10-31,35160408,35160409,Airport and Airway Trust Fund,-5767406.90,null,-5767406.90,-5767406.90,null,-5767406.90,-6233234.57,null,-6233234.57,5,758,758,5648,D,P,4,30.3.6.1,2019,1,2018,4,10,31
2018-10-31,35160410,35160411,National Service Life Insurance Fund,-855279.51,null,-855279.51,-855279.51,null,-855279.51,-557066.35,null,-557066.35,5,760,760,5654,D,P,4,30.3.7.1,2019,1,2018,4,10,31
2018-10-31,35160410,35160412,United States Government Life Insurance Fund,-495.28,null,-495.28,-495.28,null,-495.28,-500.19,null,-500.19,5,761,761,5656,D,P,4,30.3.7.2,2019,1,2018,4,10,31
2018-10-31,35160395,35160413,Corps of Engineers,-10884246.31,null,-10884246.31,-10884246.31,null,-10884246.31,-4981836.33,null,-4981836.33,5,762,762,5658,D,C,3,30.3.8,2019,1,2018,4,10,31
2018-10-31,35160395,35160414,Other Defense Civil Programs:,null,null,null,null,null,null,null,null,null,5,763,763,5661,S,C,3,30.3.9,2019,1,2018,4,10,31
2018-10-31,35160414,35160415,Military Retirement Fund,1720329456.44,null,1720329456.44,1720329456.44,null,1720329456.44,3292314969.73,null,3292314969.73,5,764,764,5663,D,P,4,30.3.9.1,2019,1,2018,4,10,31
2018-10-31,35160414,35160416,Educational Benefits Fund,14019025.32,null,14019025.32,14019025.32,null,14019025.32,-1495298.31,null,-1495298.31,5,765,765,5665,D,P,4,30.3.9.2,2019,1,2018,4,10,31
2018-10-31,35160414,35160417,Armed Forces Retirement Home,-104403.54,null,-104403.54,-104403.54,null,-104403.54,-29206.68,null,-29206.68,5,766,766,5666,D,P,4,30.3.9.3,2019,1,2018,4,10,31
2018-10-31,35160395,35160418,Environmental Protection Agency,-2561556.46,null,-2561556.46,-2561556.46,null,-2561556.46,-1336492.86,null,-1336492.86,5,767,767,5669,D,C,3,30.3.10,2019,1,2018,4,10,31
2018-10-31,35160395,35160419,Office of Personnel Management:,null,null,null,null,null,null,null,null,null,5,768,768,5671,S,C,3,30.3.11,2019,1,2018,4,10,31
2018-10-31,35160419,35160420,Civil Service Retirement and Disability Fund,-4916354.54,null,-4916354.54,-4916354.54,null,-4916354.54,-3401175.88,null,-3401175.88,5,769,769,5672,D,P,4,30.3.11.1,2019,1,2018,4,10,31
2018-10-31,35160395,35160421,Social Security Administration:,null,null,null,null,null,null,null,null,null,5,770,770,5673,S,C,3,30.3.12,2019,1,2018,4,10,31
2018-10-31,35160421,35160422,Federal Old-Age and Survivors Insurance Trust Fund,-154334896.20,null,-154334896.20,-154334896.20,null,-154334896.20,-78573973.46,null,-78573973.46,5,771,771,5674,D,P,4,30.3.12.1,2019,1,2018,4,10,31
2018-10-31,35160421,35160423,Federal Disability Insurance Trust Fund,-26810283.40,null,-26810283.40,-26810283.40,null,-26810283.40,-21323049.98,null,-21323049.98,5,772,772,5675,D,P,4,30.3.12.2,2019,1,2018,4,10,31
2018-10-31,35160395,35160424,Independent Agencies:,null,null,null,null,null,null,null,null,null,5,773,773,5676,S,C,3,30.3.13,2019,1,2018,4,10,31
2018-10-31,35160424,35160426,Railroad Retirement Board,122016.56,null,122016.56,122016.56,null,122016.56,-2587072.41,null,-2587072.41,5,774,774,5677,D,A,4,30.3.13.1,2019,1,2018,4,10,31
2018-10-31,35160395,35160428,Other,-78456179.22,null,-78456179.22,-78456179.22,null,-78456179.22,-60158803.52,null,-60158803.52,5,776,776,5679,D,C,3,30.3.14,2019,1,2018,4,10,31
2018-10-31,35160395,35160429,Total--Interest Received by Trust Funds,1328644018.95,null,1328644018.95,1328644018.95,null,1328644018.95,3052008045.50,null,3052008045.50,5,777,777,5680,T,UORG,3,30.3.15,2019,1,2018,4,10,31
2018-10-31,35160366,35160431,Rents and Royalties on the Outer Continental Shelf Lands,null,1848187273.30,-1848187273.30,null,1848187273.30,-1848187273.30,null,577747540.96,-577747540.96,5,778,778,5683,D,UORG,2,30.4,2019,1,2018,4,10,31
2018-10-31,35160366,35160435,Total--Undistributed Offsetting Receipts,-20300180488.17,1848218755.33,-22148399243.50,-20300180488.17,1848218755.33,-22148399243.50,-17685264164.81,577754630.96,-18263018795.77,5,779,779,5690,T,SL,2,30.5,2019,1,2018,4,10,31
2018-10-31,null,35160436,Total Outlays,396896491740.09,43713822316.55,353182669423.54,396896491740.09,43713822316.55,353182669423.54,335879066692.66,37324397950.01,298554668742.65,5,780,780,5691,T,SL,1,31,2019,1,2018,4,10,31
2018-10-31,35160436,35160437,Total On-Budget,316231799142.59,37110102925.87,279121696216.72,316231799142.59,37110102925.87,279121696216.72,260090109495.59,30986012709.76,229104096785.83,5,781,781,5692,T,SL,2,31.1,2019,1,2018,4,10,31
2018-10-31,35160436,35160438,Total Off-Budget,80664692597.50,6603719390.68,74060973206.82,80664692597.50,6603719390.68,74060973206.82,75788957197.07,6338385240.25,69450571956.82,5,782,782,5693,T,SL,2,31.2,2019,1,2018,4,10,31
2018-10-31,null,35160439,Total Surplus (+) or Deficit (-),null,null,-100491142544.73,null,null,-100491142544.73,null,null,-63214017966.95,5,783,783,5694,T,SL,1,32,2019,1,2018,4,10,31
2018-10-31,35160439,35160441,Total Off-Budget,null,null,-12283973206.82,null,null,-12283973206.82,null,null,-9417571956.82,5,785,785,5697,T,SL,2,32.2,2019,1,2018,4,10,31
2018-10-31,35158817,35158819,Department of the Army,7094928158.91,null,7094928158.91,7094928158.91,null,7094928158.91,5656001804.27,null,5656001804.27,5,88,88,1901,D,P,3,5.1.1,2019,1,2018,4,10,31
2018-10-31,null,35159202,Department of Homeland Security:,null,null,null,null,null,null,null,null,null,5,253,253,3048,S,C,1,9,2019,1,2018,4,10,31
2018-10-31,35159248,35159324,Proprietary Receipts from the Public:,null,null,null,null,null,null,null,null,null,5,311,311,3275,S,P,2,10.7,2019,1,2018,4,10,31
2018-10-31,null,35159558,Department of Labor:,null,null,null,null,null,null,null,null,null,5,372,372,3599,S,C,1,13,2019,1,2018,4,10,31
2018-10-31,35160395,35160398,Department of Health and Human Services:,null,null,null,null,null,null,null,null,null,5,747,747,5631,S,C,3,30.3.2,2019,1,2018,4,10,31
2018-10-31,35159930,35159932,Departmental Offices:,null,null,null,null,null,null,null,null,null,5,461,461,4050,S,B,2,16.1,2019,1,2018,4,10,31
2018-10-31,35160424,35160427,Other,-3289508.51,null,-3289508.51,-3289508.51,null,-3289508.51,-1146035.57,null,-1146035.57,5,775,775,5678,D,A,4,30.3.13.2,2019,1,2018,4,10,31
2018-10-31,35159136,35159142,Medicare Prescription Drugs:,null,null,null,null,null,null,null,null,null,5,223,223,2840,S,P,4,8.8.7.3,2019,1,2018,4,10,31
2018-10-31,35160040,35160096,Intrabudgetary Transactions,-22258531.68,null,-22258531.68,-22258531.68,null,-22258531.68,-8542389.23,null,-8542389.23,5,529,529,4262,D,P,2,17.6,2019,1,2018,4,10,31
2018-10-31,null,35160100,Corps of Engineers:,null,null,null,null,null,null,null,null,null,5,531,531,4265,S,C,1,18,2019,1,2018,4,10,31
2018-10-31,null,35160166,Executive Office of the President:,null,null,null,null,null,null,null,null,null,5,563,563,4303,S,C,1,21,2019,1,2018,4,10,31
2018-10-31,35160334,35160356,Intrabudgetary Transactions:,null,null,null,null,null,null,null,null,null,5,715,715,5448,S,P,3,29.22.8,2019,1,2018,4,10,31
2018-10-31,35159248,35159316,Government National Mortgage Association:,null,null,null,null,null,null,null,null,null,5,307,307,3196,S,B,2,10.4,2019,1,2018,4,10,31
2018-10-31,35159558,35159694,Office of Workers' Compensation Programs:,null,null,null,null,null,null,null,null,null,5,391,391,3667,S,B,2,13.3,2019,1,2018,4,10,31
2018-10-31,35160385,35160386,Federal Employer Contributions,-1151000000.00,null,-1151000000.00,-1151000000.00,null,-1151000000.00,-1094000000.00,null,-1094000000.00,5,739,739,5611,D,P,5,30.2.5.1.1,2019,1,2018,4,10,31
2018-10-31,35160341,35160346,Other,1429.10,null,1429.10,1429.10,null,1429.10,274699.63,null,274699.63,5,706,706,5416,D,P,4,29.22.4.4,2019,1,2018,4,10,31
2018-10-31,35160395,35160396,Judicial Branch:,null,null,null,null,null,null,null,null,null,5,745,745,5622,S,C,3,30.3.1,2019,1,2018,4,10,31
2018-10-31,35160040,35160056,Benefits Programs:,null,null,null,null,null,null,null,null,null,5,510,510,4210,S,B,2,17.3,2019,1,2018,4,10,31
2018-10-31,35160246,35160255,Intrabudgetary Transactions:,null,null,null,null,null,null,null,null,null,5,632,632,4429,S,P,2,26.8,2019,1,2018,4,10,31
2018-10-31,35160329,35160330,Off-Budget:,null,null,null,null,null,null,null,null,null,5,692,692,5382,S,P,3,29.21.1,2019,1,2018,4,10,31
2018-10-31,35160395,35160401,Department of Homeland Security:,null,null,null,null,null,null,null,null,null,5,750,750,5635,S,C,3,30.3.3,2019,1,2018,4,10,31
2018-10-31,35160056,35160070,Insurance Funds:,null,null,null,null,null,null,null,null,null,5,516,516,4227,S,P,3,17.3.4,2019,1,2018,4,10,31
2018-10-31,35160269,35160278,Federal Disability Insurance Trust Fund (Off-Budget):,null,null,null,null,null,null,null,null,null,5,652,652,4556,S,P,2,28.4,2019,1,2018,4,10,31
2018-10-31,35160368,35160370,Department of Health and Human Services:,null,null,null,null,null,null,null,null,null,5,726,726,5580,S,C,3,30.2.1,2019,1,2018,4,10,31
2018-10-31,35160293,35160329,Postal Service:,null,null,null,null,null,null,null,null,null,5,691,691,5380,S,A,2,29.21,2019,1,2018,4,10,31
2018-10-31,35160395,35160408,Department of Transportation:,null,null,null,null,null,null,null,null,null,5,757,757,5644,S,C,3,30.3.6,2019,1,2018,4,10,31
2018-10-31,35160193,35160202,Multilateral Assistance:,null,null,null,null,null,null,null,null,null,5,585,585,4344,S,B,2,23.3,2019,1,2018,4,10,31
2018-10-31,35160269,35160288,Intrabudgetary Transactions:,null,null,null,null,null,null,null,null,null,5,660,660,4600,S,P,2,28.7,2019,1,2018,4,10,31
2018-10-31,35160337,35160339,Transfer To Administrative Funds,2237536.51,null,2237536.51,2237536.51,null,2237536.51,2071700.00,null,2071700.00,5,701,701,5399,D,P,4,29.22.3.2,2019,1,2018,4,10,31
2018-10-31,35160366,35160395,Interest Received by Trust Funds:,null,null,null,null,null,null,null,null,null,5,744,744,5621,S,UORG,2,30.3,2019,1,2018,4,10,31
2018-10-31,35160439,35160440,Total On-Budget,null,null,-88207169337.91,null,null,-88207169337.91,null,null,-53796446010.13,5,784,784,5695,T,SL,2,32.1,2019,1,2018,4,10,31
2018-10-31,35158557,35158590,Proprietary Receipts from the Public,null,354170.37,-354170.37,null,354170.37,-354170.37,null,636650.62,-636650.62,5,13,13,1057,D,P,2,1.12,2019,1,2018,4,10,31
2018-10-31,35158690,35158694,Rural Housing Insurance Fund,87970819.42,49705187.12,38265632.30,87970819.42,49705187.12,38265632.30,85520722.19,46031925.85,39488796.34,5,50,50,1467,D,P,3,3.10.1,2019,1,2018,4,10,31
2018-10-31,35158690,35158696,Rental Assistance Program,100920553.43,null,100920553.43,100920553.43,null,100920553.43,98770496.12,null,98770496.12,5,51,51,1468,D,P,3,3.10.2,2019,1,2018,4,10,31
2018-10-31,35158812,35158912,Family Housing:,null,null,null,null,null,null,null,null,null,5,119,119,2335,S,B,2,5.7,2019,1,2018,4,10,31
2018-10-31,35159066,35159068,Science,582226829.08,null,582226829.08,582226829.08,null,582226829.08,524778427.49,null,524778427.49,5,188,188,2660,D,P,3,7.3.1,2019,1,2018,4,10,31
2018-10-31,35159066,35159070,Energy Supply,161363468.83,null,161363468.83,161363468.83,null,161363468.83,116392902.88,null,116392902.88,5,189,189,2662,D,P,3,7.3.2,2019,1,2018,4,10,31
2018-10-31,35159066,35159072,Energy Efficiency and Renewable Energy,143372335.79,null,143372335.79,143372335.79,null,143372335.79,127569999.75,null,127569999.75,5,190,190,2663,D,P,3,7.3.3,2019,1,2018,4,10,31
2018-10-31,35159066,35159074,Fossil Energy Research and Development,46590407.21,null,46590407.21,46590407.21,null,46590407.21,46605740.71,null,46605740.71,5,191,191,2664,D,P,3,7.3.4,2019,1,2018,4,10,31
2018-10-31,null,35158812,Department of Defense--Military Programs:,null,null,null,null,null,null,null,null,null,5,86,86,1850,S,C,1,5,2019,1,2018,4,10,31
2018-10-31,35159270,35159280,Homeless Assistance Grants,188049915.45,null,188049915.45,188049915.45,null,188049915.45,154734550.90,null,154734550.90,5,291,291,3162,D,P,3,10.2.5,2019,1,2018,4,10,31
2018-10-31,35158930,35158932,Working Capital Fund,1073781583.97,null,1073781583.97,1073781583.97,null,1073781583.97,-74150676.94,null,-74150676.94,5,127,127,2459,D,P,4,5.8.2.1,2019,1,2018,4,10,31
2018-10-31,35158930,35158934,Other,96596403.98,null,96596403.98,96596403.98,null,96596403.98,49790462.54,null,49790462.54,5,128,128,2460,D,P,4,5.8.2.2,2019,1,2018,4,10,31
2018-10-31,35158812,35158938,Trust Funds:,null,null,null,null,null,null,null,null,null,5,130,130,2470,S,B,2,5.10,2019,1,2018,4,10,31
2018-10-31,35159920,35159924,Other,-23032.96,null,-23032.96,-23032.96,null,-23032.96,-93556122.25,null,-93556122.25,5,457,457,3998,D,P,3,15.11.1,2019,1,2018,4,10,31
2018-10-31,35159844,35159926,Offsetting Governmental Receipts,null,2976024.81,-2976024.81,null,2976024.81,-2976024.81,null,81481.20,-81481.20,5,458,458,3999,D,P,2,15.12,2019,1,2018,4,10,31
2018-10-31,35159844,35159928,Total--Department of Transportation,6435039110.96,34791911.41,6400247199.55,6435039110.96,34791911.41,6400247199.55,6365538077.43,26949878.70,6338588198.73,5,459,459,4000,T,C,2,15.13,2019,1,2018,4,10,31
2018-10-31,null,35159930,Department of the Treasury:,null,null,null,null,null,null,null,null,null,5,460,460,4002,S,C,1,16,2019,1,2018,4,10,31
2018-10-31,35159988,35159992,Enforcement,348138916.13,null,348138916.13,348138916.13,null,348138916.13,338633188.20,null,338633188.20,5,481,481,4140,D,P,3,16.7.2,2019,1,2018,4,10,31
2018-10-31,35159988,35159994,Operations Support,398966149.30,null,398966149.30,398966149.30,null,398966149.30,225994655.29,null,225994655.29,5,482,482,4145,D,P,3,16.7.3,2019,1,2018,4,10,31
2018-10-31,35159988,35160000,Payment Where Earned Income Credit Exceeds Liability for Tax,284187337.54,null,284187337.54,284187337.54,null,284187337.54,164553694.67,null,164553694.67,5,485,485,4150,D,P,3,16.7.6,2019,1,2018,4,10,31
2018-10-31,35159014,35159016,Student Financial Assistance,3020881441.55,null,3020881441.55,3020881441.55,null,3020881441.55,3028665603.19,null,3028665603.19,5,165,165,2622,D,P,3,6.7.1,2019,1,2018,4,10,31
2018-10-31,35159098,35159154,Administration for Children and Families:,null,null,null,null,null,null,null,null,null,5,229,229,2909,S,B,2,8.9,2019,1,2018,4,10,31
2018-10-31,null,35160239,National Science Foundation:,null,null,null,null,null,null,null,null,null,5,618,618,4393,S,C,1,25,2019,1,2018,4,10,31
2018-10-31,35159220,35159230,Other,125664337.15,null,125664337.15,125664337.15,null,125664337.15,78775993.65,null,78775993.65,5,267,267,3090,D,P,3,9.9.5,2019,1,2018,4,10,31
2018-10-31,35159220,35159232,Total--Federal Emergency Management Agency,2092258636.92,85609306.39,2006649330.53,2092258636.92,85609306.39,2006649330.53,5577521457.94,109491726.66,5468029731.28,5,268,268,3091,T,B,3,9.9.6,2019,1,2018,4,10,31
2018-10-31,35159202,35159234,Science and Technology,87488445.79,null,87488445.79,87488445.79,null,87488445.79,66922540.11,null,66922540.11,5,269,269,3092,D,B,2,9.10,2019,1,2018,4,10,31
2018-10-31,35159694,35159712,Special Benefits for Disabled Coal Miners,6098734.75,null,6098734.75,6098734.75,null,6098734.75,7126286.74,null,7126286.74,5,394,394,3673,D,P,3,13.3.3,2019,1,2018,4,10,31
2018-10-31,35159694,35159718,Black Lung Disability Trust Fund,15634079.36,null,15634079.36,15634079.36,null,15634079.36,15189622.93,null,15189622.93,5,395,395,3674,D,P,3,13.3.4,2019,1,2018,4,10,31
2018-10-31,35159870,35159872,Highway Trust Fund:,null,null,null,null,null,null,null,null,null,5,436,436,3905,S,P,3,15.3.1,2019,1,2018,4,10,31
2018-10-31,35159988,35159996,"Build America Bond Payments, Recovery Act",19682289.42,null,19682289.42,19682289.42,null,19682289.42,382599517.15,null,382599517.15,5,483,483,4147,D,P,3,16.7.4,2019,1,2018,4,10,31
2018-10-31,35159988,35159998,Refundable Premium Tax Credits and Cost Sharing Reductions,3731426489.79,null,3731426489.79,3731426489.79,null,3731426489.79,2540801108.27,null,2540801108.27,5,484,484,4148,D,P,3,16.7.5,2019,1,2018,4,10,31
2018-10-31,35160070,35160074,Veterans Special Life,15340869.55,1301534.68,14039334.87,15340869.55,1301534.68,14039334.87,13252379.23,1389854.89,11862524.34,5,518,518,4230,D,P,4,17.3.4.2,2019,1,2018,4,10,31
2018-10-31,35160056,35160076,Other,2253806.61,null,2253806.61,2253806.61,null,2253806.61,8317381.57,null,8317381.57,5,519,519,4232,D,P,3,17.3.5,2019,1,2018,4,10,31
2018-10-31,35160368,35160375,Department of State:,null,null,null,null,null,null,null,null,null,5,730,730,5592,S,C,3,30.2.2,2019,1,2018,4,10,31
2018-10-31,35160395,35160410,Department of Veterans Affairs:,null,null,null,null,null,null,null,null,null,5,759,759,5652,S,C,3,30.3.7,2019,1,2018,4,10,31
2018-10-31,35158812,35158840,Operation and Maintenance:,null,null,null,null,null,null,null,null,null,5,93,93,1995,S,B,2,5.2,2019,1,2018,4,10,31
2018-10-31,null,35158598,Judicial Branch:,null,null,null,null,null,null,null,null,null,5,16,16,1070,S,C,1,2,2019,1,2018,4,10,31
2018-10-31,35159248,35159286,Housing Programs:,null,null,null,null,null,null,null,null,null,5,294,294,3175,S,B,2,10.3,2019,1,2018,4,10,31
2018-10-31,null,35159338,Department of the Interior:,null,null,null,null,null,null,null,null,null,5,317,317,3287,S,C,1,11,2019,1,2018,4,10,31
2018-10-31,35158812,35158817,Military Personnel:,null,null,null,null,null,null,null,null,null,5,87,87,1900,S,B,2,5.1,2019,1,2018,4,10,31
2018-10-31,35160368,35160381,Office of Personnel Management:,null,null,null,null,null,null,null,null,null,5,735,735,5603,S,C,3,30.2.4,2019,1,2018,4,10,31
2018-11-30,35406210,35406212,Military Personnel:,null,null,null,null,null,null,null,null,null,5,87,87,1900,S,B,2,5.1,2019,1,2018,4,11,30
2018-11-30,35406610,35406648,Housing Programs:,null,null,null,null,null,null,null,null,null,5,296,296,3175,S,B,2,10.3,2019,1,2018,4,11,30
2018-11-30,35406867,35406959,Intrabudgetary Transactions,-77364170.06,null,-77364170.06,-77515456.18,null,-77515456.18,-69763834.64,null,-69763834.64,5,407,407,3699,D,P,2,13.11,2019,1,2018,4,11,30
2018-11-30,35406610,35406678,Government National Mortgage Association:,null,null,null,null,null,null,null,null,null,5,309,309,3196,S,B,2,10.4,2019,1,2018,4,11,30
2018-11-30,35407460,35407478,Intrabudgetary Transactions:,null,null,null,null,null,null,null,null,null,5,639,639,4429,S,P,2,26.8,2019,1,2018,4,11,30
2018-11-30,35406340,35406342,Office of Elementary and Secondary Education:,null,null,null,null,null,null,null,null,null,5,149,149,2591,S,B,2,6.1,2019,1,2018,4,11,30
2018-11-30,35406516,35406538,Other,40363304.86,null,40363304.86,86436335.45,null,86436335.45,84140638.99,null,84140638.99,5,242,242,2997,D,P,3,8.9.11,2019,1,2018,4,11,30
2018-11-30,35405894,35405896,Senate,76432530.80,83358.08,76349172.72,162715653.60,206074.05,162509579.55,149863373.24,284352.46,149579020.78,5,2,2,1002,D,B,2,1.1,2019,1,2018,4,11,30
2018-11-30,35405894,35405897,House of Representatives,123290622.86,138531.72,123152091.14,232606990.05,296814.44,232310175.61,221836615.61,298598.08,221538017.53,5,3,3,1005,D,B,2,1.2,2019,1,2018,4,11,30
2018-11-30,35405894,35405900,Joint Items,1884321.98,null,1884321.98,3516350.24,null,3516350.24,3343796.15,null,3343796.15,5,4,4,1010,D,B,2,1.3,2019,1,2018,4,11,30
2018-11-30,35405894,35405905,Capitol Police,29969501.06,null,29969501.06,67038522.28,null,67038522.28,68186833.66,null,68186833.66,5,5,5,1012,D,B,2,1.4,2019,1,2018,4,11,30
2018-11-30,35405894,35405912,Congressional Budget Office,4051328.15,null,4051328.15,7878909.82,null,7878909.82,7626640.04,null,7626640.04,5,6,6,1015,D,B,2,1.5,2019,1,2018,4,11,30
2018-11-30,35405894,35405917,Architect of the Capitol,45711234.18,414128.59,45297105.59,110490794.90,908842.75,109581952.15,106638893.51,769054.69,105869838.82,5,7,7,1020,D,B,2,1.6,2019,1,2018,4,11,30
2018-11-30,35405894,35405923,Library of Congress,51030120.81,806854.49,50223266.32,114416796.66,2210371.78,112206424.88,118013531.69,3323730.90,114689800.79,5,8,8,1030,D,B,2,1.7,2019,1,2018,4,11,30
2018-11-30,35405894,35405927,Government Printing Office,-18391838.21,null,-18391838.21,20209896.11,null,20209896.11,7771376.62,null,7771376.62,5,9,9,1035,D,B,2,1.8,2019,1,2018,4,11,30
2018-11-30,35405894,35405931,Government Accountability Office,44296724.91,null,44296724.91,85447190.48,null,85447190.48,79619475.74,null,79619475.74,5,10,10,1045,D,B,2,1.9,2019,1,2018,4,11,30
2018-11-30,35405894,35405935,United States Tax Court,4925473.60,null,4925473.60,8979893.80,null,8979893.80,8370015.26,null,8370015.26,5,11,11,1051,D,B,2,1.10,2019,1,2018,4,11,30
2018-11-30,35405894,35405940,Other Legislative Branch Agencies,12779123.04,null,12779123.04,15145147.48,null,15145147.48,12330236.37,null,12330236.37,5,12,12,1056,D,P,2,1.11,2019,1,2018,4,11,30
2018-11-30,35405894,35405944,Proprietary Receipts from the Public,null,2212097.06,-2212097.06,null,2566267.43,-2566267.43,null,2202197.31,-2202197.31,5,13,13,1057,D,P,2,1.12,2019,1,2018,4,11,30
2018-11-30,35405894,35405946,Intrabudgetary Transactions,-493.52,null,-493.52,-5605301.46,null,-5605301.46,-1063439.56,null,-1063439.56,5,14,14,1058,D,P,2,1.13,2019,1,2018,4,11,30
2018-11-30,35405894,35405951,Total--Legislative Branch,375978649.66,3654969.94,372323679.72,822840843.96,6188370.45,816652473.51,782537348.33,6877933.44,775659414.89,5,15,15,1060,T,C,2,1.14,2019,1,2018,4,11,30
2018-11-30,35405955,35405959,Supreme Court of the United States,10428214.02,null,10428214.02,19385910.78,null,19385910.78,14678531.64,null,14678531.64,5,17,17,1081,D,B,2,2.1,2019,1,2018,4,11,30
2018-11-30,35405955,35405963,"Courts of Appeals, District Courts, and Other Judicial Services",774053840.70,null,774053840.70,1445036286.59,null,1445036286.59,1235091780.28,null,1235091780.28,5,18,18,1101,D,B,2,2.2,2019,1,2018,4,11,30
2018-11-30,35405955,35405967,Other,56669172.89,null,56669172.89,123718302.13,null,123718302.13,90070290.63,null,90070290.63,5,19,19,1120,D,P,2,2.3,2019,1,2018,4,11,30
2018-11-30,35405955,35405971,Proprietary Receipts from the Public,null,22482239.59,-22482239.59,null,32970438.29,-32970438.29,null,29368300.95,-29368300.95,5,20,20,1130,D,P,2,2.4,2019,1,2018,4,11,30
2018-11-30,35405955,35405975,Intrabudgetary Transactions,-41288885.85,null,-41288885.85,-105821615.36,null,-105821615.36,-62647774.66,null,-62647774.66,5,21,21,1135,D,P,2,2.5,2019,1,2018,4,11,30
2018-11-30,35405955,35405979,Total--Judicial Branch,799862341.76,22482239.59,777380102.17,1482318884.14,32970438.29,1449348445.85,1277192827.89,29368300.95,1247824526.94,5,22,22,1140,T,C,2,2.6,2019,1,2018,4,11,30
2018-11-30,null,35405983,Department of Agriculture:,null,null,null,null,null,null,null,null,null,5,23,23,1400,S,C,1,3,2019,1,2018,4,11,30
2018-11-30,35405983,35405987,Agricultural Research Service,94793397.92,null,94793397.92,227415057.47,null,227415057.47,159630278.58,null,159630278.58,5,24,24,1403,D,B,2,3.1,2019,1,2018,4,11,30
2018-11-30,35405983,35405989,National Institute of Food and Agriculture:,null,null,null,null,null,null,null,null,null,5,25,25,1406,S,B,2,3.2,2019,1,2018,4,11,30
2018-11-30,35405989,35405993,Research and Education Activities,57626767.80,null,57626767.80,119955539.66,null,119955539.66,122926442.42,null,122926442.42,5,26,26,1408,D,P,3,3.2.1,2019,1,2018,4,11,30
2018-11-30,35405989,35405995,Extension Activities,38353953.65,null,38353953.65,92135484.57,null,92135484.57,72288800.76,null,72288800.76,5,27,27,1409,D,P,3,3.2.2,2019,1,2018,4,11,30
2018-11-30,35405989,35405999,Other,8947716.52,null,8947716.52,16698188.52,null,16698188.52,14238574.32,null,14238574.32,5,28,28,1410,D,P,3,3.2.3,2019,1,2018,4,11,30
2018-11-30,null,35407324,Executive Office of the President:,null,null,null,null,null,null,null,null,null,5,569,569,4303,S,C,1,21,2019,1,2018,4,11,30
2018-11-30,35405983,35406001,Animal and Plant Health Inspection Service,94457249.90,null,94457249.90,188582377.74,null,188582377.74,187198464.74,null,187198464.74,5,29,29,1412,D,B,2,3.3,2019,1,2018,4,11,30
2018-11-30,35405983,35406005,Food Safety and Inspection Service,68420208.87,null,68420208.87,151001914.71,null,151001914.71,160674210.99,null,160674210.99,5,30,30,1414,D,B,2,3.4,2019,1,2018,4,11,30
2018-11-30,35405983,35406007,Agricultural Marketing Service,150084456.14,null,150084456.14,254200944.31,null,254200944.31,173792451.80,null,173792451.80,5,31,31,1416,D,B,2,3.5,2019,1,2018,4,11,30
2018-11-30,35405983,35406011,Risk Management Agency:,null,null,null,null,null,null,null,null,null,5,32,32,1417,S,B,2,3.6,2019,1,2018,4,11,30
2018-11-30,35406022,35406028,USDA Supplemental Assistance,-3017.95,null,-3017.95,25725.89,null,25725.89,940.99,null,940.99,5,37,37,1422,D,P,3,3.7.2,2019,1,2018,4,11,30
2018-11-30,35406022,35406030,Agricultural Disaster Relief Fund,-734.24,null,-734.24,-9835.13,null,-9835.13,-103303.19,null,-103303.19,5,38,38,1425,D,P,3,3.7.3,2019,1,2018,4,11,30
2018-11-30,35406022,35406034,Commodity Credit Corporation,3976980689.87,279497911.36,3697482778.51,9688993831.43,581526092.84,9107467738.59,12018535644.55,600402274.88,11418133369.67,5,39,39,1429,D,P,3,3.7.4,2019,1,2018,4,11,30
2018-11-30,35406022,35406036,Tobacco Trust Fund,272847.18,null,272847.18,474939.58,null,474939.58,null,null,null,5,40,40,1432,D,P,3,3.7.5,2019,1,2018,4,11,30
2018-11-30,35406022,35406040,Agricultural Credit Insurance Fund,3088311.67,3365815.26,-277503.59,64347310.27,6171376.12,58175934.15,65561662.37,8454955.61,57106706.76,5,41,41,1436,D,P,3,3.7.6,2019,1,2018,4,11,30
2018-11-30,35406022,35406042,Other,7735441.35,null,7735441.35,15309944.62,null,15309944.62,16566068.25,null,16566068.25,5,42,42,1438,D,P,3,3.7.7,2019,1,2018,4,11,30
2018-11-30,35406022,35406046,Total--Farm Service Agency,4032814616.14,282863726.62,3749950889.52,9924923928.81,587697468.96,9337226459.85,12256341784.46,608857230.49,11647484553.97,5,43,43,1440,T,B,3,3.7.8,2019,1,2018,4,11,30
2018-11-30,35405983,35406048,Natural Resources Conservation Service:,null,null,null,null,null,null,null,null,null,5,44,44,1442,S,B,2,3.8,2019,1,2018,4,11,30
2018-11-30,35406048,35406052,Conservation Operations,57340311.97,null,57340311.97,127407107.59,null,127407107.59,119854241.01,null,119854241.01,5,45,45,1445,D,P,3,3.8.1,2019,1,2018,4,11,30
2018-11-30,35406048,35406054,Farm Security and Rural Investment Programs,467719172.12,null,467719172.12,683029402.28,null,683029402.28,529663331.57,null,529663331.57,5,46,46,1447,D,P,3,3.8.2,2019,1,2018,4,11,30
2018-11-30,35406048,35406058,Other,23736430.21,null,23736430.21,46541421.37,null,46541421.37,24178060.56,null,24178060.56,5,47,47,1448,D,P,3,3.8.3,2019,1,2018,4,11,30
2018-11-30,35405983,35406060,Rural Development,43688601.51,null,43688601.51,9955510.54,null,9955510.54,13181223.18,null,13181223.18,5,48,48,1450,D,B,2,3.9,2019,1,2018,4,11,30
2018-11-30,35405983,35406065,Rural Housing Service:,null,null,null,null,null,null,null,null,null,5,49,49,1463,S,B,2,3.10,2019,1,2018,4,11,30
2018-11-30,35406065,35406070,Rural Housing Insurance Fund,8979965.76,33883544.77,-24903579.01,96950785.18,83588731.89,13362053.29,96662221.73,79320407.19,17341814.54,5,50,50,1467,D,P,3,3.10.1,2019,1,2018,4,11,30
2018-11-30,35406065,35406074,Rental Assistance Program,98508671.04,null,98508671.04,199429224.47,null,199429224.47,195766802.01,null,195766802.01,5,51,51,1468,D,P,3,3.10.2,2019,1,2018,4,11,30
2018-11-30,35406065,35406076,Other,12660440.33,null,12660440.33,29024237.76,null,29024237.76,24261260.91,null,24261260.91,5,52,52,1470,D,P,3,3.10.3,2019,1,2018,4,11,30
2018-11-30,35406082,35406085,Rural Electrification and Telecommunications Fund,62536.67,156839220.09,-156776683.42,12191232.60,-167115117.58,179306350.18,408872352.82,303587236.26,105285116.56,5,54,54,1472,D,P,3,3.11.1,2019,1,2018,4,11,30
2018-11-30,35406082,35406093,Other,54955392.28,4231505.95,50723886.33,113571468.83,8575648.66,104995820.17,93591943.33,11873603.55,81718339.78,5,55,55,1474,D,P,3,3.11.2,2019,1,2018,4,11,30
2018-11-30,35405983,35406097,Foreign Agricultural Service,85278923.95,null,85278923.95,424437839.27,null,424437839.27,417739222.02,null,417739222.02,5,56,56,1475,D,B,2,3.12,2019,1,2018,4,11,30
2018-11-30,35405983,35406101,Food and Nutrition Service:,null,null,null,null,null,null,null,null,null,5,57,57,1478,S,B,2,3.13,2019,1,2018,4,11,30
2018-11-30,35406101,35406105,Supplemental Nutrition Assistance Program,5427835412.07,null,5427835412.07,11319589080.71,null,11319589080.71,13089618749.82,null,13089618749.82,5,58,58,1480,D,P,3,3.13.1,2019,1,2018,4,11,30
2018-11-30,35406101,35406109,Child Nutrition Programs,2399073336.48,null,2399073336.48,4478485558.89,null,4478485558.89,4155391508.41,null,4155391508.41,5,59,59,1486,D,P,3,3.13.2,2019,1,2018,4,11,30
2018-11-30,35406101,35406113,"Special Supplemental Nutrition Program for Women, Infants, and Children (WIC)",401968416.46,null,401968416.46,904132309.17,null,904132309.17,909037476.87,null,909037476.87,5,60,60,1490,D,P,3,3.13.3,2019,1,2018,4,11,30
2018-11-30,35406101,35406117,Other,37408474.28,null,37408474.28,74741370.70,null,74741370.70,76701513.95,null,76701513.95,5,61,61,1500,D,P,3,3.13.4,2019,1,2018,4,11,30
2018-11-30,35406101,35406121,Total--Food and Nutrition Service,8266285639.29,null,8266285639.29,16776948319.47,null,16776948319.47,18230749249.05,null,18230749249.05,5,62,62,1501,T,B,3,3.13.5,2019,1,2018,4,11,30
2018-11-30,35406125,35406130,National Forest System,185185647.91,null,185185647.91,292496543.20,null,292496543.20,258680731.43,null,258680731.43,5,64,64,1504,D,P,3,3.14.1,2019,1,2018,4,11,30
2018-11-30,35406125,35406136,Capital Improvement and Maintenance,42679101.79,null,42679101.79,80327025.47,null,80327025.47,67817372.80,null,67817372.80,5,65,65,1505,D,P,3,3.14.2,2019,1,2018,4,11,30
2018-11-30,35406125,35406142,Wildland Fire Management,252495827.39,null,252495827.39,642455139.37,null,642455139.37,722317344.70,null,722317344.70,5,66,66,1506,D,P,3,3.14.3,2019,1,2018,4,11,30
2018-11-30,35406125,35406148,Forest Service Permanent Appropriations,15928457.11,null,15928457.11,45591829.74,null,45591829.74,34440956.02,null,34440956.02,5,67,67,1510,D,P,3,3.14.4,2019,1,2018,4,11,30
2018-11-30,35406125,35406154,Other,-16857750.74,null,-16857750.74,133666925.46,null,133666925.46,114027990.98,null,114027990.98,5,68,68,1520,D,P,3,3.14.5,2019,1,2018,4,11,30
2018-11-30,35406125,35406161,Total--Forest Service,479431283.46,null,479431283.46,1194537463.24,null,1194537463.24,1197284395.93,null,1197284395.93,5,69,69,1521,T,B,3,3.14.6,2019,1,2018,4,11,30
2018-11-30,35405983,35406167,Other,159082951.83,679685.36,158403266.47,293481707.41,4456076.17,289025631.24,221351251.39,9243867.01,212107384.38,5,70,70,1540,D,P,2,3.15,2019,1,2018,4,11,30
2018-11-30,35405983,35406172,Proprietary Receipts from the Public,null,64024519.75,-64024519.75,null,231950345.08,-231950345.08,null,182464364.66,-182464364.66,5,71,71,1550,D,P,2,3.16,2019,1,2018,4,11,30
2018-11-30,35405983,35406178,Intrabudgetary Transactions,71333767.03,null,71333767.03,-3494464.91,null,-3494464.91,42871871.97,null,42871871.97,5,72,72,1560,D,P,2,3.17,2019,1,2018,4,11,30
2018-11-30,35405983,35406182,Total--Department of Agriculture,17647321459.08,543845498.77,17103475960.31,36169079298.94,754009344.92,35415069954.02,39775096416.69,1200361321.58,38574735095.11,5,73,73,1561,T,C,2,3.18,2019,1,2018,4,11,30
2018-11-30,35406185,35406188,Economic Development Administration,29134100.93,null,29134100.93,57435040.88,null,57435040.88,47718867.62,null,47718867.62,5,75,75,1691,D,B,2,4.1,2019,1,2018,4,11,30
2018-11-30,35406185,35406190,Bureau of the Census,179403447.04,null,179403447.04,314158744.49,null,314158744.49,276671708.46,null,276671708.46,5,76,76,1695,D,B,2,4.2,2019,1,2018,4,11,30
2018-11-30,35406185,35406192,International Trade Administration,34296210.95,null,34296210.95,61324431.81,null,61324431.81,59505699.34,null,59505699.34,5,77,77,1725,D,B,2,4.3,2019,1,2018,4,11,30
2018-11-30,35406185,35406194,National Oceanic and Atmospheric Administration,443990735.22,1613932.56,442376802.66,810697386.62,1613932.56,809083454.06,850623293.55,1884540.00,848738753.55,5,78,78,1760,D,B,2,4.4,2019,1,2018,4,11,30
2018-11-30,35406185,35406196,National Institute of Standards and Technology,82043441.95,null,82043441.95,164222490.17,null,164222490.17,152440185.08,null,152440185.08,5,79,79,1770,D,B,2,4.5,2019,1,2018,4,11,30
2018-11-30,35406185,35406198,National Telecommunications and Information Administration,1338315710.40,18147.75,1338297562.65,1348812739.59,19437.61,1348793301.98,30700239.49,81909.25,30618330.24,5,80,80,1775,D,B,2,4.6,2019,1,2018,4,11,30
2018-11-30,35406185,35406200,Other,13989388.33,7968706.87,6020681.46,26018667.76,15789445.98,10229221.78,14113453.96,22101887.33,-7988433.37,5,81,81,1782,D,P,2,4.7,2019,1,2018,4,11,30
2018-11-30,35406185,35406202,Proprietary Receipts from the Public,null,3239103.81,-3239103.81,null,-3883555.79,3883555.79,null,-3698206.39,3698206.39,5,82,82,1797,D,P,2,4.8,2019,1,2018,4,11,30
2018-11-30,35406185,35406204,Intrabudgetary Transactions,1675738.29,null,1675738.29,1517304.64,null,1517304.64,-4295450.12,null,-4295450.12,5,83,83,1798,D,P,2,4.9,2019,1,2018,4,11,30
2018-11-30,35406185,35406206,Offsetting Governmental Receipts,null,93084.00,-93084.00,null,276108.44,-276108.44,null,307341.08,-307341.08,5,84,84,1799,D,P,2,4.10,2019,1,2018,4,11,30
2018-11-30,35406185,35406208,Total--Department of Commerce,2122848773.11,12932974.99,2109915798.12,2784186805.96,13815368.80,2770371437.16,1427477997.38,20677471.27,1406800526.11,5,85,85,1800,T,C,2,4.11,2019,1,2018,4,11,30
2018-11-30,35406212,35406214,Department of the Army,6696899302.73,null,6696899302.73,13791827461.64,null,13791827461.64,10241850579.58,null,10241850579.58,5,88,88,1901,D,P,3,5.1.1,2019,1,2018,4,11,30
2018-11-30,35406212,35406216,Department of the Navy,5234970769.04,null,5234970769.04,11630221720.50,null,11630221720.50,8549940446.82,null,8549940446.82,5,89,89,1910,D,P,3,5.1.2,2019,1,2018,4,11,30
2018-11-30,35406212,35406218,Department of the Air Force,3917284199.42,null,3917284199.42,8580350542.64,null,8580350542.64,6634263774.74,null,6634263774.74,5,90,90,1920,D,P,3,5.1.3,2019,1,2018,4,11,30
2018-11-30,35406212,35406220,Defense Agencies,null,null,null,7909319000.00,null,7909319000.00,6837055000.00,null,6837055000.00,5,91,91,1925,D,P,3,5.1.4,2019,1,2018,4,11,30
2018-11-30,35406212,35406222,Total--Military Personnel,15849154271.19,null,15849154271.19,41911718724.78,null,41911718724.78,32263109801.14,null,32263109801.14,5,92,92,1930,T,B,3,5.1.5,2019,1,2018,4,11,30
2018-11-30,35406210,35406224,Operation and Maintenance:,null,null,null,null,null,null,null,null,null,5,93,93,1995,S,B,2,5.2,2019,1,2018,4,11,30
2018-11-30,35406224,35406226,Department of the Army,5450439552.79,null,5450439552.79,10904509637.39,null,10904509637.39,10704357799.56,null,10704357799.56,5,94,94,2000,D,P,3,5.2.1,2019,1,2018,4,11,30
2018-11-30,35406224,35406228,Department of the Navy,5628326957.46,null,5628326957.46,10545059374.06,null,10545059374.06,8255579765.46,null,8255579765.46,5,95,95,2010,D,P,3,5.2.2,2019,1,2018,4,11,30
2018-11-30,35406224,35406230,Department of the Air Force,5212556123.63,null,5212556123.63,9385054091.05,null,9385054091.05,8598219829.70,null,8598219829.70,5,96,96,2020,D,P,3,5.2.3,2019,1,2018,4,11,30
2018-11-30,35406224,35406232,Defense Agencies,5914494532.55,null,5914494532.55,11390016218.66,null,11390016218.66,10966380533.29,null,10966380533.29,5,97,97,2030,D,P,3,5.2.4,2019,1,2018,4,11,30
2018-11-30,35406224,35406234,Total--Operation and Maintenance,22205817166.43,null,22205817166.43,42224639321.16,null,42224639321.16,38524537928.01,null,38524537928.01,5,98,98,2032,T,B,3,5.2.5,2019,1,2018,4,11,30
2018-11-30,35406236,35406238,Department of the Army,null,null,null,5600000.00,null,5600000.00,-1612.62,null,-1612.62,5,100,100,2055,D,P,3,5.3.1,2019,1,2018,4,11,30
2018-11-30,35406240,35406242,Department of the Army,1623653115.13,null,1623653115.13,3128052716.94,null,3128052716.94,2989713065.82,null,2989713065.82,5,102,102,2100,D,P,3,5.4.1,2019,1,2018,4,11,30
2018-11-30,35406240,35406244,Department of the Navy,3440903924.45,null,3440903924.45,7091774812.14,null,7091774812.14,6988864351.72,null,6988864351.72,5,103,103,2110,D,P,3,5.4.2,2019,1,2018,4,11,30
2018-11-30,35406240,35406246,Department of the Air Force,5107349197.20,null,5107349197.20,7134909915.63,null,7134909915.63,7712875377.66,null,7712875377.66,5,104,104,2120,D,P,3,5.4.3,2019,1,2018,4,11,30
2018-11-30,35406240,35406248,Defense Agencies,528075608.10,null,528075608.10,1133157272.66,null,1133157272.66,1144901618.51,null,1144901618.51,5,105,105,2130,D,P,3,5.4.4,2019,1,2018,4,11,30
2018-11-30,35406240,35406250,Total--Procurement,10699981844.88,null,10699981844.88,18487894717.37,null,18487894717.37,18836354413.71,null,18836354413.71,5,106,106,2131,T,B,3,5.4.5,2019,1,2018,4,11,30
2018-11-30,35406210,35406252,"Research, Development, Test, and Evaluation:",null,null,null,null,null,null,null,null,null,5,107,107,2195,S,B,2,5.5,2019,1,2018,4,11,30
2018-11-30,35406252,35406254,Department of the Army,854627733.25,null,854627733.25,1430874892.46,null,1430874892.46,1239970660.83,null,1239970660.83,5,108,108,2200,D,P,3,5.5.1,2019,1,2018,4,11,30
2018-11-30,35406252,35406256,Department of the Navy,1274121254.24,null,1274121254.24,2683981861.48,null,2683981861.48,2763772860.96,null,2763772860.96,5,109,109,2210,D,P,3,5.5.2,2019,1,2018,4,11,30
2018-11-30,35406252,35406258,Department of the Air Force,2484800413.12,null,2484800413.12,5954779944.52,null,5954779944.52,3755094868.08,null,3755094868.08,5,110,110,2220,D,P,3,5.5.3,2019,1,2018,4,11,30
2018-11-30,35406252,35406260,Defense Agencies,1869877869.09,null,1869877869.09,3481561858.62,null,3481561858.62,2746146329.49,null,2746146329.49,5,111,111,2230,D,P,3,5.5.4,2019,1,2018,4,11,30
2018-11-30,35406252,35406262,"Total--Research, Development, Test, and Evaluation",6483427269.70,null,6483427269.70,13551198557.08,null,13551198557.08,10504984719.36,null,10504984719.36,5,112,112,2231,T,B,3,5.5.5,2019,1,2018,4,11,30
2018-11-30,35406264,35406266,Department of the Army,96164688.56,null,96164688.56,489892904.44,null,489892904.44,425044004.64,null,425044004.64,5,114,114,2300,D,P,3,5.6.1,2019,1,2018,4,11,30
2018-11-30,35406264,35406268,Department of the Navy,117126631.85,null,117126631.85,212560760.21,null,212560760.21,265650202.60,null,265650202.60,5,115,115,2310,D,P,3,5.6.2,2019,1,2018,4,11,30
2018-11-30,35406264,35406270,Department of the Air Force,120986046.86,null,120986046.86,227299727.51,null,227299727.51,135090693.65,null,135090693.65,5,116,116,2320,D,P,3,5.6.3,2019,1,2018,4,11,30
2018-11-30,35406264,35406272,Defense Agencies,202496314.39,null,202496314.39,412556037.57,null,412556037.57,386385159.47,null,386385159.47,5,117,117,2330,D,P,3,5.6.4,2019,1,2018,4,11,30
2018-11-30,35406264,35406274,Total--Military Construction,536773681.66,null,536773681.66,1342309429.73,null,1342309429.73,1212170060.36,null,1212170060.36,5,118,118,2331,T,B,3,5.6.5,2019,1,2018,4,11,30
2018-11-30,35406276,35406278,Department of the Army,42313208.38,null,42313208.38,59352674.59,null,59352674.59,63046970.27,null,63046970.27,5,120,120,2340,D,P,3,5.7.1,2019,1,2018,4,11,30
2018-11-30,35406276,35406280,Department of the Navy,20296978.73,null,20296978.73,43427510.44,null,43427510.44,45148913.32,null,45148913.32,5,121,121,2350,D,P,3,5.7.2,2019,1,2018,4,11,30
2018-11-30,35406276,35406282,Department of the Air Force,31421806.46,null,31421806.46,55527983.00,null,55527983.00,51585183.42,null,51585183.42,5,122,122,2360,D,P,3,5.7.3,2019,1,2018,4,11,30
2018-11-30,35406276,35406284,Defense Agencies,4098635.74,null,4098635.74,15526038.67,null,15526038.67,21892053.15,null,21892053.15,5,123,123,2370,D,P,3,5.7.4,2019,1,2018,4,11,30
2018-11-30,35406286,35406290,Department of the Navy,7683764.22,null,7683764.22,47494276.95,null,47494276.95,-2931337.11,null,-2931337.11,5,125,125,2420,D,P,3,5.8.1,2019,1,2018,4,11,30
2018-11-30,35406294,35406296,Working Capital Fund,1461295655.13,null,1461295655.13,2535077239.10,null,2535077239.10,-243085139.16,null,-243085139.16,5,127,127,2459,D,P,4,5.8.2.1,2019,1,2018,4,11,30
2018-11-30,35406294,35406298,Other,48052852.73,null,48052852.73,144649256.71,null,144649256.71,93160013.67,null,93160013.67,5,128,128,2460,D,P,4,5.8.2.2,2019,1,2018,4,11,30
2018-11-30,35406210,35406300,Allowances,23655948.75,null,23655948.75,23822950.96,null,23822950.96,2761877.59,null,2761877.59,5,129,129,2465,D,B,2,5.9,2019,1,2018,4,11,30
2018-11-30,35406302,35406304,Department of the Army,1259166.52,null,1259166.52,2877253.95,null,2877253.95,2869848.66,null,2869848.66,5,131,131,2472,D,P,3,5.10.1,2019,1,2018,4,11,30
2018-11-30,35406302,35406306,Department of the Navy,2812286.15,null,2812286.15,7469889.20,null,7469889.20,4252158.20,null,4252158.20,5,132,132,2474,D,P,3,5.10.2,2019,1,2018,4,11,30
2018-11-30,35406302,35406308,Department of the Air Force,238495.76,null,238495.76,509183.00,null,509183.00,566401.74,null,566401.74,5,133,133,2476,D,P,3,5.10.3,2019,1,2018,4,11,30
2018-11-30,35406302,35406310,Defense Agencies,26575515.13,null,26575515.13,34300528.40,null,34300528.40,23931424.14,null,23931424.14,5,134,134,2478,D,P,3,5.10.4,2019,1,2018,4,11,30
2018-11-30,35406312,35406314,Department of the Army,null,-126202399.29,126202399.29,null,-160234059.95,160234059.95,null,-684749442.95,684749442.95,5,136,136,2482,D,P,3,5.11.1,2019,1,2018,4,11,30
2018-11-30,35406312,35406316,Department of the Navy,null,11352099.50,-11352099.50,null,4148447.11,-4148447.11,null,19486814.12,-19486814.12,5,137,137,2484,D,P,3,5.11.2,2019,1,2018,4,11,30
2018-11-30,35406312,35406318,Department of the Air Force,null,1417469.45,-1417469.45,null,8463474.90,-8463474.90,null,41091781.31,-41091781.31,5,138,138,2486,D,P,3,5.11.3,2019,1,2018,4,11,30
2018-11-30,35406312,35406320,Defense Agencies,null,322225145.71,-322225145.71,null,123251793.53,-123251793.53,null,133921131.59,-133921131.59,5,139,139,2488,D,P,3,5.11.4,2019,1,2018,4,11,30
2018-11-30,35406322,35406324,Department of the Army,-12366864.14,null,-12366864.14,-6305087.81,null,-6305087.81,60747363.87,null,60747363.87,5,141,141,2492,D,P,3,5.12.1,2019,1,2018,4,11,30
2018-11-30,35406322,35406326,Department of the Navy,-2179424.67,null,-2179424.67,-23284341.46,null,-23284341.46,891967.41,null,891967.41,5,142,142,2494,D,P,3,5.12.2,2019,1,2018,4,11,30
2018-11-30,35406322,35406328,Department of the Air Force,-149258978.85,null,-149258978.85,-1831683.87,null,-1831683.87,-51025313.57,null,-51025313.57,5,143,143,2496,D,P,3,5.12.3,2019,1,2018,4,11,30
2018-11-30,35406322,35406330,Defense Agencies,23282097.83,null,23282097.83,-5206650.90,null,-5206650.90,-13816008.78,null,-13816008.78,5,144,144,2500,D,P,3,5.12.4,2019,1,2018,4,11,30
2018-11-30,35406332,35406334,Department of the Army,null,22853.76,-22853.76,null,22853.76,-22853.76,null,null,null,5,146,146,2502,D,P,3,5.13.1,2019,1,2018,4,11,30
2018-11-30,35406210,35406338,Total--Department of Defense--Military Programs,57304335377.73,208815169.13,57095520208.60,120456767771.05,-24347490.65,120481115261.70,101401151686.78,-490249715.93,101891401402.71,5,147,147,2570,T,C,2,5.14,2019,1,2018,4,11,30
2018-11-30,35406342,35406344,Accelerating Achievement and Ensuring Equity,1078533738.45,null,1078533738.45,2569675569.86,null,2569675569.86,1798669794.33,null,1798669794.33,5,150,150,2595,D,P,3,6.1.1,2019,1,2018,4,11,30
2018-11-30,35406342,35406346,Impact Aid,506708627.50,null,506708627.50,608116399.54,null,608116399.54,229593251.29,null,229593251.29,5,151,151,2600,D,P,3,6.1.2,2019,1,2018,4,11,30
2018-11-30,35406342,35406348,Education Improvement Programs,348388899.84,null,348388899.84,735162516.79,null,735162516.79,663323833.42,null,663323833.42,5,152,152,2601,D,P,3,6.1.3,2019,1,2018,4,11,30
2018-11-30,35406342,35406352,Other,20101328.23,null,20101328.23,42743922.91,null,42743922.91,47503754.73,null,47503754.73,5,153,153,2604,D,P,3,6.1.4,2019,1,2018,4,11,30
2018-11-30,35406342,35406354,Total--Office of Elementary and Secondary Education,1953732594.02,null,1953732594.02,3955698409.10,null,3955698409.10,2739090633.77,null,2739090633.77,5,154,154,2605,T,B,3,6.1.5,2019,1,2018,4,11,30
2018-11-30,35406340,35406356,Office of Innovation and Improvement,82147059.05,null,82147059.05,193340200.71,null,193340200.71,205100582.12,null,205100582.12,5,155,155,2606,D,B,2,6.2,2019,1,2018,4,11,30
2018-11-30,35406340,35406358,Office of English Language Acquisition,51097486.59,null,51097486.59,147375155.60,null,147375155.60,95870302.74,null,95870302.74,5,156,156,2608,D,B,2,6.3,2019,1,2018,4,11,30
2018-11-30,35406340,35406360,Office of Special Education and Rehabilitative Services:,null,null,null,null,null,null,null,null,null,5,157,157,2609,S,B,2,6.4,2019,1,2018,4,11,30
2018-11-30,35406360,35406362,Special Education,1035760462.22,null,1035760462.22,1875361567.38,null,1875361567.38,2030402186.50,null,2030402186.50,5,158,158,2610,D,P,3,6.4.1,2019,1,2018,4,11,30
2018-11-30,35406360,35406364,Rehabilitation Services and Disability Research,287243651.00,null,287243651.00,619622835.77,null,619622835.77,591580947.64,null,591580947.64,5,159,159,2611,D,P,3,6.4.2,2019,1,2018,4,11,30
2018-11-30,35406360,35406366,Special Institutions for Persons with Disabilities,18357992.83,null,18357992.83,22321719.82,null,22321719.82,35981876.47,null,35981876.47,5,160,160,2612,D,P,3,6.4.3,2019,1,2018,4,11,30
2018-11-30,35406340,35406368,Office of Vocational and Adult Education,173109530.09,null,173109530.09,306865792.74,null,306865792.74,232109164.38,null,232109164.38,5,161,161,2614,D,B,2,6.5,2019,1,2018,4,11,30
2018-11-30,35406370,35406372,Higher Education,195679497.76,null,195679497.76,412495275.27,null,412495275.27,372204803.36,null,372204803.36,5,163,163,2617,D,P,3,6.6.1,2019,1,2018,4,11,30
2018-11-30,35406370,35406376,Total--Office of Postsecondary Education,234551678.17,21527.00,234530151.17,473334187.04,734989.80,472599197.24,415366251.12,2231911.62,413134339.50,5,165,165,2619,T,B,3,6.6.3,2019,1,2018,4,11,30
2018-11-30,35406378,35406380,Student Financial Assistance,1569149377.71,null,1569149377.71,4590030819.26,null,4590030819.26,4475843536.44,null,4475843536.44,5,167,167,2622,D,P,3,6.7.1,2019,1,2018,4,11,30
2018-11-30,35406378,35406382,Student Aid Administration,90320763.67,null,90320763.67,273047227.05,null,273047227.05,262472750.69,null,262472750.69,5,168,168,2624,D,P,3,6.7.2,2019,1,2018,4,11,30
2018-11-30,35406378,35406386,Federal Direct Student Loans,null,null,null,1958422366.00,null,1958422366.00,2228040452.00,null,2228040452.00,5,169,169,2626,D,P,3,6.7.3,2019,1,2018,4,11,30
2018-11-30,35406378,35406388,Federal Family Education Loans,-11791315.29,null,-11791315.29,-22654948.76,null,-22654948.76,-430844884.60,null,-430844884.60,5,170,170,2627,D,P,3,6.7.4,2019,1,2018,4,11,30
2018-11-30,35406378,35406390,Other,102430.41,610610.48,-508180.07,3202171.09,1855465.71,1346705.38,2540766.98,681195.47,1859571.51,5,171,171,2628,D,P,3,6.7.5,2019,1,2018,4,11,30
2018-11-30,35406378,35406392,Total--Office of Federal Student Aid,1647781256.50,610610.48,1647170646.02,6802047634.64,1855465.71,6800192168.93,6538052621.51,681195.47,6537371426.04,5,172,172,2629,T,B,3,6.7.6,2019,1,2018,4,11,30
2018-11-30,35406340,35406394,Institute of Education Sciences,52134571.55,null,52134571.55,106095072.33,null,106095072.33,95084545.83,null,95084545.83,5,173,173,2630,D,B,2,6.8,2019,1,2018,4,11,30
2018-11-30,35406340,35406396,Departmental Management,38926423.44,null,38926423.44,83301959.32,null,83301959.32,90754790.56,null,90754790.56,5,174,174,2631,D,B,2,6.9,2019,1,2018,4,11,30
2018-11-30,35406340,35406398,Other,43406099.15,null,43406099.15,122316088.25,null,122316088.25,null,null,null,5,175,175,2636,D,P,2,6.10,2019,1,2018,4,11,30
2018-11-30,35406340,35406400,Proprietary Receipts from the Public,null,-3775823.13,3775823.13,null,3986868182.68,-3986868182.68,null,4171596791.26,-4171596791.26,5,176,176,2637,D,P,2,6.11,2019,1,2018,4,11,30
2018-11-30,35406340,35406402,Intrabudgetary Transactions,8822992.53,null,8822992.53,9304434.73,null,9304434.73,5632600.16,null,5632600.16,5,177,177,2638,D,P,2,6.12,2019,1,2018,4,11,30
2018-11-30,35406340,35406404,Total--Department of Education,5627071797.14,-3143685.65,5630215482.79,14716985057.43,3989458638.19,10727526419.24,13075026502.80,4174509898.35,8900516604.45,5,178,178,2639,T,C,2,6.13,2019,1,2018,4,11,30
2018-11-30,35406406,35406408,National Nuclear Security Administration:,null,null,null,null,null,null,null,null,null,5,180,180,2641,S,B,2,7.1,2019,1,2018,4,11,30
2018-11-30,35406408,35406410,Naval Reactors,-23424230.02,null,-23424230.02,240227897.73,null,240227897.73,198932625.95,null,198932625.95,5,181,181,2642,D,P,3,7.1.1,2019,1,2018,4,11,30
2018-11-30,35406408,35406412,Weapons Activities,789817688.24,null,789817688.24,1811180442.35,null,1811180442.35,1585858699.61,null,1585858699.61,5,182,182,2643,D,P,3,7.1.2,2019,1,2018,4,11,30
2018-11-30,35406408,35406414,Defense Nuclear Nonproliferation,129804509.56,null,129804509.56,282884360.77,null,282884360.77,322833569.33,null,322833569.33,5,183,183,2644,D,P,3,7.1.3,2019,1,2018,4,11,30
2018-11-30,35406408,35406416,Other,58311723.09,null,58311723.09,85995670.43,null,85995670.43,57809915.26,null,57809915.26,5,184,184,2645,D,P,3,7.1.4,2019,1,2018,4,11,30
2018-11-30,35406406,35406418,Environmental and Other Defense Activities:,null,null,null,null,null,null,null,null,null,5,185,185,2646,S,B,2,7.2,2019,1,2018,4,11,30
2018-11-30,35406418,35406420,Defense Environmental Cleanup,430049954.60,null,430049954.60,949243404.10,null,949243404.10,886716847.51,null,886716847.51,5,186,186,2651,D,P,3,7.2.1,2019,1,2018,4,11,30
2018-11-30,35406418,35406422,Other Defense Activities,89421217.48,null,89421217.48,141205610.63,null,141205610.63,87674823.05,null,87674823.05,5,187,187,2653,D,P,3,7.2.2,2019,1,2018,4,11,30
2018-11-30,35406418,35406424,Defense Nuclear Waste Disposal,143346.69,null,143346.69,503158.42,null,503158.42,775021.83,null,775021.83,5,188,188,2655,D,P,3,7.2.3,2019,1,2018,4,11,30
2018-11-30,35406428,35406430,Science,455412680.51,null,455412680.51,1037639509.59,null,1037639509.59,931951345.21,null,931951345.21,5,190,190,2660,D,P,3,7.3.1,2019,1,2018,4,11,30
2018-11-30,35406428,35406432,Energy Supply,137531116.73,null,137531116.73,298894585.56,null,298894585.56,236846748.41,null,236846748.41,5,191,191,2662,D,P,3,7.3.2,2019,1,2018,4,11,30
2018-11-30,35406428,35406434,Energy Efficiency and Renewable Energy,145187074.35,null,145187074.35,288559410.14,null,288559410.14,272410398.81,null,272410398.81,5,192,192,2663,D,P,3,7.3.3,2019,1,2018,4,11,30
2018-11-30,35406428,35406436,Fossil Energy Research and Development,49534458.32,null,49534458.32,96124865.53,null,96124865.53,90241591.45,null,90241591.45,5,193,193,2664,D,P,3,7.3.4,2019,1,2018,4,11,30
2018-11-30,35406210,35406236,International Reconstruction and Other Assistance:,null,null,null,null,null,null,null,null,null,5,99,99,2050,S,B,2,5.3,2019,1,2018,4,11,30
2018-11-30,35406428,35406438,Uranium Enrichment Decontamination and Decommissioning Fund,84556519.59,null,84556519.59,122427412.75,null,122427412.75,118992888.29,null,118992888.29,5,194,194,2665,D,P,3,7.3.5,2019,1,2018,4,11,30
2018-11-30,35406428,35406440,Advanced Technology Vehicles Manufacturing Loan Program,156157.16,null,156157.16,327726.76,null,327726.76,593884.66,null,593884.66,5,195,195,2666,D,P,3,7.3.6,2019,1,2018,4,11,30
2018-11-30,35406428,35406442,Title 17 Innovative Technology Loan Guarantee Program,1776465.28,null,1776465.28,3252790.79,null,3252790.79,2534980.09,null,2534980.09,5,196,196,2667,D,P,3,7.3.7,2019,1,2018,4,11,30
2018-11-30,35406428,35406444,Other,104622406.32,9317714.66,95304691.66,192761631.23,13987951.87,178773679.36,163947645.50,21415747.86,142531897.64,5,197,197,2668,D,P,3,7.3.8,2019,1,2018,4,11,30
2018-11-30,35406428,35406446,Total--Energy Programs,978776878.26,9317714.66,969459163.60,2039987932.35,13987951.87,2025999980.48,1817519482.42,21415747.86,1796103734.56,5,198,198,2669,T,B,3,7.3.9,2019,1,2018,4,11,30
2018-11-30,35406406,35406448,Power Marketing Administration,298887858.37,287781888.33,11105970.04,667932131.45,635974518.11,31957613.34,641031424.57,598183128.80,42848295.77,5,199,199,2670,D,B,2,7.4,2019,1,2018,4,11,30
2018-11-30,35406406,35406450,Departmental Administration,2684727.41,null,2684727.41,44377377.36,null,44377377.36,62442441.21,null,62442441.21,5,200,200,2674,D,B,2,7.5,2019,1,2018,4,11,30
2018-11-30,35406406,35406452,Proprietary Receipts from the Public,null,491484922.38,-491484922.38,null,592024561.18,-592024561.18,null,449390464.83,-449390464.83,5,201,201,2677,D,P,2,7.6,2019,1,2018,4,11,30
2018-11-30,35406406,35406454,Intrabudgetary Transactions,-158360070.15,null,-158360070.15,-295166653.58,null,-295166653.58,-297804948.74,null,-297804948.74,5,202,202,2678,D,P,2,7.7,2019,1,2018,4,11,30
2018-11-30,35406460,35406462,Food and Drug Administration,440623788.99,492349.82,440131439.17,293921332.53,602757.82,293318574.71,-335503533.06,1237697.26,-336741230.32,5,205,205,2684,D,B,2,8.1,2019,1,2018,4,11,30
2018-11-30,35406460,35406464,Health Resources and Services Administration,977282962.85,null,977282962.85,1911920077.17,null,1911920077.17,1806225985.36,null,1806225985.36,5,206,206,2689,D,B,2,8.2,2019,1,2018,4,11,30
2018-11-30,35406460,35406466,Indian Health Service,405745592.73,null,405745592.73,750606409.20,null,750606409.20,590061285.27,null,590061285.27,5,207,207,2690,D,B,2,8.3,2019,1,2018,4,11,30
2018-11-30,35406460,35406468,Centers for Disease Control and Prevention,656093162.56,null,656093162.56,1251948422.62,null,1251948422.62,1223605365.75,null,1223605365.75,5,208,208,2700,D,B,2,8.4,2019,1,2018,4,11,30
2018-11-30,35406460,35406470,National Institutes of Health,3659911399.07,null,3659911399.07,6289240630.54,null,6289240630.54,5290424634.02,null,5290424634.02,5,209,209,2745,D,B,2,8.5,2019,1,2018,4,11,30
2018-11-30,35406460,35406472,Substance Abuse and Mental Health Services Administration,273136430.86,null,273136430.86,603797730.61,null,603797730.61,605827397.35,null,605827397.35,5,210,210,2765,D,B,2,8.6,2019,1,2018,4,11,30
2018-11-30,35406460,35406474,Agency for Healthcare Research and Quality,24830978.95,null,24830978.95,49914820.64,null,49914820.64,54194395.92,null,54194395.92,5,211,211,2770,D,B,2,8.7,2019,1,2018,4,11,30
2018-11-30,35406476,35406478,Grants to States for Medicaid,30598728159.30,null,30598728159.30,62489733591.51,null,62489733591.51,63404281497.41,null,63404281497.41,5,213,213,2788,D,P,3,8.8.1,2019,1,2018,4,11,30
2018-11-30,35406476,35406480,Payments to Health Care Trust Funds,25791216195.69,null,25791216195.69,52996510310.08,null,52996510310.08,51543717665.11,null,51543717665.11,5,214,214,2789,D,P,3,8.8.2,2019,1,2018,4,11,30
2018-11-30,35406476,35406482,Children's Health Insurance Fund,1353065808.70,null,1353065808.70,2734737297.97,null,2734737297.97,2598267276.49,null,2598267276.49,5,215,215,2790,D,P,3,8.8.3,2019,1,2018,4,11,30
2018-11-30,35406476,35406484,State Grants and Demonstrations,38608029.82,null,38608029.82,68950484.25,null,68950484.25,64332216.86,null,64332216.86,5,216,216,2791,D,P,3,8.8.4,2019,1,2018,4,11,30
2018-11-30,35406488,35406490,Benefit Payments,34013581882.63,null,34013581882.63,59396932317.60,null,59396932317.60,41077233109.14,null,41077233109.14,5,218,218,2794,D,P,4,8.8.5.1,2019,1,2018,4,11,30
2018-11-30,35406488,35406492,Administrative Expenses,281273137.08,null,281273137.08,631601163.22,null,631601163.22,677940253.68,null,677940253.68,5,219,219,2795,D,P,4,8.8.5.2,2019,1,2018,4,11,30
2018-11-30,35406488,35406494,Total--Federal Hospital Insurance Trust Fund,34294855019.71,null,34294855019.71,60028533480.82,null,60028533480.82,41755173362.82,null,41755173362.82,5,220,220,2797,T,P,4,8.8.5.3,2019,1,2018,4,11,30
2018-11-30,35406476,35406496,Health Care Fraud and Abuse Control,130061730.58,null,130061730.58,243852096.07,null,243852096.07,203308165.24,null,203308165.24,5,221,221,2798,D,P,3,8.8.6,2019,1,2018,4,11,30
2018-11-30,35406498,35406500,Benefit Payments,39361598826.64,null,39361598826.64,68896800687.42,null,68896800687.42,44329058534.00,null,44329058534.00,5,223,223,2800,D,P,4,8.8.7.1,2019,1,2018,4,11,30
2018-11-30,35406498,35406502,Administrative Expenses,286014791.92,null,286014791.92,602741222.67,null,602741222.67,660923470.25,null,660923470.25,5,224,224,2802,D,P,4,8.8.7.2,2019,1,2018,4,11,30
2018-11-30,35406504,35406508,Administrative Expenses,null,null,null,null,null,null,43873318.49,null,43873318.49,5,227,227,2846,D,P,5,8.8.7.3.2,2019,1,2018,4,11,30
2018-11-30,35406498,35406510,Total--Federal Supplementary Medical Insurance Trust Fund,52186365065.39,null,52186365065.39,88745543475.05,null,88745543475.05,55900787315.20,null,55900787315.20,5,228,228,2848,T,P,4,8.8.7.4,2019,1,2018,4,11,30
2018-11-30,35406476,35406512,Other,954408664.66,null,954408664.66,2892289880.75,null,2892289880.75,2397813549.04,null,2397813549.04,5,229,229,2855,D,P,3,8.8.8,2019,1,2018,4,11,30
2018-11-30,35406476,35406514,Total--Centers for Medicare and Medicaid Services,145347308673.85,null,145347308673.85,270200150616.50,null,270200150616.50,217867681048.17,null,217867681048.17,5,230,230,2860,T,B,3,8.8.9,2019,1,2018,4,11,30
2018-11-30,35406460,35406516,Administration for Children and Families:,null,null,null,null,null,null,null,null,null,5,231,231,2909,S,B,2,8.9,2019,1,2018,4,11,30
2018-11-30,35406516,35406518,Temporary Assistance for Needy Families,1509628561.70,null,1509628561.70,2761288471.31,null,2761288471.31,2860268363.90,null,2860268363.90,5,232,232,2920,D,P,3,8.9.1,2019,1,2018,4,11,30
2018-11-30,35406516,35406520,Contingency Fund,1837319.00,null,1837319.00,3655479.27,null,3655479.27,64074278.47,null,64074278.47,5,233,233,2923,D,P,3,8.9.2,2019,1,2018,4,11,30
2018-11-30,35406516,35406522,Payments to States for Child Support Enforcement and Family Support Programs,293229106.07,null,293229106.07,597516309.48,null,597516309.48,600817243.41,null,600817243.41,5,234,234,2925,D,P,3,8.9.3,2019,1,2018,4,11,30
2018-11-30,35406210,35406332,Offsetting Governmental Receipts:,null,null,null,null,null,null,null,null,null,5,145,145,2501,S,P,2,5.13,2019,1,2018,4,11,30
2018-11-30,35406516,35406524,Low Income Home Energy Assistance,484879923.89,null,484879923.89,691422283.26,null,691422283.26,627582110.19,null,627582110.19,5,235,235,2930,D,P,3,8.9.4,2019,1,2018,4,11,30
2018-11-30,35406516,35406526,Refugee and Entrant Assistance,254661275.22,null,254661275.22,441978563.70,null,441978563.70,221093420.77,null,221093420.77,5,236,236,2935,D,P,3,8.9.5,2019,1,2018,4,11,30
2018-11-30,35406516,35406528,Child Care Entitlement to States,261323247.35,null,261323247.35,475231244.43,null,475231244.43,520748394.53,null,520748394.53,5,237,237,2942,D,P,3,8.9.6,2019,1,2018,4,11,30
2018-11-30,35406516,35406530,Payments to States for the Child Care and Development Block Grant,280468564.73,null,280468564.73,596984664.22,null,596984664.22,392956371.79,null,392956371.79,5,238,238,2945,D,P,3,8.9.7,2019,1,2018,4,11,30
2018-11-30,35406516,35406532,Social Services Block Grant,168636813.01,null,168636813.01,242702742.82,null,242702742.82,277641976.20,null,277641976.20,5,239,239,2992,D,P,3,8.9.8,2019,1,2018,4,11,30
2018-11-30,35406516,35406534,Children and Families Services Programs,968798837.58,null,968798837.58,1998408449.32,null,1998408449.32,1841797162.74,null,1841797162.74,5,240,240,2994,D,P,3,8.9.9,2019,1,2018,4,11,30
2018-11-30,35406516,35406536,Payments to States for Foster Care and Adoption Assistance,555800606.90,null,555800606.90,1187879604.74,null,1187879604.74,1466023970.35,null,1466023970.35,5,241,241,2995,D,P,3,8.9.10,2019,1,2018,4,11,30
2018-11-30,35406516,35406540,Total--Administration for Children and Families,4819627560.31,null,4819627560.31,9083504148.00,null,9083504148.00,8957143931.34,null,8957143931.34,5,243,243,2998,T,B,3,8.9.12,2019,1,2018,4,11,30
2018-11-30,35406460,35406542,Administration for Community Living,148999622.02,null,148999622.02,274205388.03,null,274205388.03,258927022.14,null,258927022.14,5,244,244,2999,D,B,2,8.10,2019,1,2018,4,11,30
2018-11-30,35406460,35406544,Departmental Management,169621502.96,null,169621502.96,408038057.73,null,408038057.73,894107985.58,null,894107985.58,5,245,245,3000,D,B,2,8.11,2019,1,2018,4,11,30
2018-11-30,35406460,35406546,Other,216494088.73,null,216494088.73,51848991.62,null,51848991.62,-35117836.00,null,-35117836.00,5,246,246,3010,D,P,2,8.12,2019,1,2018,4,11,30
2018-11-30,35406460,35406548,Proprietary Receipts from the Public,null,10039727849.88,-10039727849.88,null,19707044821.89,-19707044821.89,null,17146117007.25,-17146117007.25,5,247,247,3018,D,P,2,8.13,2019,1,2018,4,11,30
2018-11-30,35406552,35406554,Federal Supplementary Medical Insurance Trust Fund,-25791164526.73,null,-25791164526.73,-52990187361.02,null,-52990187361.02,-51530375020.09,null,-51530375020.09,5,250,250,3025,D,P,4,8.14.1.1,2019,1,2018,4,11,30
2018-11-30,35406550,35406556,Payments for Tax and Other Credits:,null,null,null,null,null,null,null,null,null,5,251,251,3030,S,P,3,8.14.2,2019,1,2018,4,11,30
2018-11-30,35406556,35406558,Federal Hospital Insurance Trust Fund,-6570950.67,null,-6570950.67,-11686475.60,null,-11686475.60,-15828368.41,null,-15828368.41,5,252,252,3035,D,P,4,8.14.2.1,2019,1,2018,4,11,30
2018-11-30,35406550,35406560,Other,-695499453.28,null,-695499453.28,-688136862.95,null,-688136862.95,-419689115.29,null,-419689115.29,5,253,253,3040,D,P,3,8.14.3,2019,1,2018,4,11,30
2018-11-30,35406460,35406562,Total--Department of Health and Human Services,130646440833.20,10040220199.70,120606220633.50,237479085925.62,19707647579.71,217771438345.91,185211685178.05,17147354704.51,168064330473.54,5,254,254,3045,T,C,2,8.15,2019,1,2018,4,11,30
2018-11-30,null,35406564,Department of Homeland Security:,null,null,null,null,null,null,null,null,null,5,255,255,3048,S,C,1,9,2019,1,2018,4,11,30
2018-11-30,35406564,35406566,Departmental Management and Operations,109269757.89,null,109269757.89,201061914.29,null,201061914.29,198932886.44,null,198932886.44,5,256,256,3050,D,B,2,9.1,2019,1,2018,4,11,30
2018-11-30,35406564,35406568,Citizenship and Immigration Services,315892173.61,null,315892173.61,617132875.29,null,617132875.29,607522211.10,null,607522211.10,5,257,257,3052,D,B,2,9.2,2019,1,2018,4,11,30
2018-11-30,35406564,35406570,United States Secret Service,151662517.59,null,151662517.59,325051986.40,null,325051986.40,315047121.55,null,315047121.55,5,258,258,3054,D,B,2,9.3,2019,1,2018,4,11,30
2018-11-30,35406564,35406572,Transportation Security Administration,486292989.44,null,486292989.44,765588096.82,null,765588096.82,761742711.83,null,761742711.83,5,259,259,3058,D,B,2,9.4,2019,1,2018,4,11,30
2018-11-30,35406564,35406576,U.S. Customs and Border Protection,1131518282.61,1871809.23,1129646473.38,2230043481.39,4590401.78,2225453079.61,2102814908.06,3529133.27,2099285774.79,5,261,261,3062,D,B,2,9.6,2019,1,2018,4,11,30
2018-11-30,35406564,35406580,National Protection and Programs Directorate,168180955.74,null,168180955.74,305283336.35,null,305283336.35,315815667.63,null,315815667.63,5,263,263,3075,D,B,2,9.8,2019,1,2018,4,11,30
2018-11-30,35406582,35406584,State and Local Programs,79418943.59,null,79418943.59,162612097.01,null,162612097.01,215438174.46,null,215438174.46,5,265,265,3082,D,P,3,9.9.1,2019,1,2018,4,11,30
2018-11-30,35406582,35406586,Firefighter Assistance Grants,33569693.69,null,33569693.69,79373055.64,null,79373055.64,115304276.10,null,115304276.10,5,266,266,3083,D,P,3,9.9.2,2019,1,2018,4,11,30
2018-11-30,35406582,35406588,Disaster Relief,1047814545.71,null,1047814545.71,2490424436.41,null,2490424436.41,5103465265.80,null,5103465265.80,5,267,267,3084,D,P,3,9.9.3,2019,1,2018,4,11,30
2018-11-30,35406582,35406590,National Flood Insurance Fund,371718409.10,58561971.69,313156437.41,766706302.80,144171278.08,622535024.72,5850612243.77,147375568.93,5703236674.84,5,268,268,3088,D,P,3,9.9.4,2019,1,2018,4,11,30
2018-11-30,35406582,35406594,Total--Federal Emergency Management Agency,1674598894.33,58561971.69,1616036922.64,3766857531.25,144171278.08,3622686253.17,11488027454.83,147375568.93,11340651885.90,5,270,270,3091,T,B,3,9.9.6,2019,1,2018,4,11,30
2018-11-30,35406564,35406596,Science and Technology,75478591.91,null,75478591.91,162967037.70,null,162967037.70,152249112.28,null,152249112.28,5,271,271,3092,D,B,2,9.10,2019,1,2018,4,11,30
2018-11-30,35406564,35406598,Domestic Nuclear Detection Office,18525204.96,null,18525204.96,37376970.28,null,37376970.28,32632231.78,null,32632231.78,5,272,272,3093,D,B,2,9.11,2019,1,2018,4,11,30
2018-11-30,35406564,35406602,Proprietary Receipts from the Public,null,64222895.72,-64222895.72,null,179571748.04,-179571748.04,null,223143733.05,-223143733.05,5,274,274,3096,D,P,2,9.13,2019,1,2018,4,11,30
2018-11-30,35406564,35406604,Intrabudgetary Transactions,7931231.46,null,7931231.46,17452966.33,null,17452966.33,35515773.54,null,35515773.54,5,275,275,3097,D,P,2,9.14,2019,1,2018,4,11,30
2018-11-30,35406564,35406606,Offsetting Governmental Receipts,null,1050830761.86,-1050830761.86,null,1664955958.98,-1664955958.98,null,1563592657.15,-1563592657.15,5,276,276,3098,D,P,2,9.15,2019,1,2018,4,11,30
2018-11-30,35406564,35406608,Total--Department of Homeland Security,5838491638.36,1175487438.50,4663004199.86,11993917471.81,1993289386.88,10000628084.93,18919761392.50,1937641092.40,16982120300.10,5,277,277,3100,T,C,2,9.16,2019,1,2018,4,11,30
2018-11-30,null,35406610,Department of Housing and Urban Development:,null,null,null,null,null,null,null,null,null,5,278,278,3104,S,C,1,10,2019,1,2018,4,11,30
2018-11-30,35406612,35406614,Tenant Based Rental Assistance,1722676270.88,null,1722676270.88,3563315493.12,null,3563315493.12,3320686889.07,null,3320686889.07,5,280,280,3116,D,P,3,10.1.1,2019,1,2018,4,11,30
2018-11-30,35406612,35406616,Housing Certificate Fund,5134873.80,null,5134873.80,10270891.37,null,10270891.37,17734859.81,null,17734859.81,5,281,281,3118,D,P,3,10.1.2,2019,1,2018,4,11,30
2018-11-30,35406612,35406620,Public Housing Capital Fund,196537656.07,null,196537656.07,370187322.89,null,370187322.89,343324221.73,null,343324221.73,5,282,282,3126,D,P,3,10.1.3,2019,1,2018,4,11,30
2018-11-30,35406612,35406622,Public Housing Operating Fund,353782639.13,null,353782639.13,726192885.74,null,726192885.74,722916906.85,null,722916906.85,5,283,283,3130,D,P,3,10.1.4,2019,1,2018,4,11,30
2018-11-30,35406612,35406624,Revitalization of Severely Distressed Public Housing (Hope VI),857741.44,null,857741.44,5894869.97,null,5894869.97,928576.12,null,928576.12,5,284,284,3135,D,P,3,10.1.5,2019,1,2018,4,11,30
2018-11-30,35406612,35406626,Native American Housing Block Grant,38424849.05,null,38424849.05,85193754.69,null,85193754.69,74035266.39,null,74035266.39,5,285,285,3138,D,P,3,10.1.6,2019,1,2018,4,11,30
2018-11-30,35406612,35406628,Other,15813263.15,null,15813263.15,26282327.99,null,26282327.99,27515048.09,null,27515048.09,5,286,286,3140,D,P,3,10.1.7,2019,1,2018,4,11,30
2018-11-30,35406612,35406630,Total--Public and Indian Housing Programs,2333227293.52,null,2333227293.52,4787337545.77,null,4787337545.77,4507141768.06,null,4507141768.06,5,287,287,3142,T,B,3,10.1.8,2019,1,2018,4,11,30
2018-11-30,35406610,35406632,Community Planning and Development:,null,null,null,null,null,null,null,null,null,5,288,288,3145,S,B,2,10.2,2019,1,2018,4,11,30
2018-11-30,35406632,35406634,Housing Opportunities for Persons with AIDS,20821710.99,null,20821710.99,45227448.49,null,45227448.49,51075417.50,null,51075417.50,5,289,289,3147,D,P,3,10.2.1,2019,1,2018,4,11,30
2018-11-30,35406632,35406636,Community Development Fund,426516420.38,null,426516420.38,907612293.30,null,907612293.30,959112136.95,null,959112136.95,5,290,290,3148,D,P,3,10.2.2,2019,1,2018,4,11,30
2018-11-30,35406632,35406638,Home Investment Partnership Program,62400414.21,null,62400414.21,131554516.16,null,131554516.16,133690210.41,null,133690210.41,5,291,291,3156,D,P,3,10.2.3,2019,1,2018,4,11,30
2018-11-30,35406632,35406640,Neighborhood Stabilization Program,2654726.51,null,2654726.51,3706702.18,null,3706702.18,3053758.29,null,3053758.29,5,292,292,3159,D,P,3,10.2.4,2019,1,2018,4,11,30
2018-11-30,35406632,35406642,Homeless Assistance Grants,164155496.58,null,164155496.58,352205412.03,null,352205412.03,321125231.15,null,321125231.15,5,293,293,3162,D,P,3,10.2.5,2019,1,2018,4,11,30
2018-11-30,35406632,35406646,Total--Community Planning and Development,685521191.50,null,685521191.50,1457865238.93,null,1457865238.93,1478725108.40,null,1478725108.40,5,295,295,3172,T,B,3,10.2.7,2019,1,2018,4,11,30
2018-11-30,35406648,35406650,Credit Accounts:,null,null,null,null,null,null,null,null,null,5,297,297,3179,S,P,3,10.3.1,2019,1,2018,4,11,30
2018-11-30,35406650,35406654,FHA-Mutual Mortgage Insurance Capital Reserve Account,-481241530.85,null,-481241530.85,-1073491098.72,null,-1073491098.72,-1280242159.71,null,-1280242159.71,5,299,299,3182,D,P,4,10.3.1.2,2019,1,2018,4,11,30
2018-11-30,35406650,35406656,"FHA-Mutual Mortgage and Cooperative Housing Insurance Fund, Liquidating Account",1111516.93,1264271.50,-152754.57,2777366.91,2561136.89,216230.02,3904134.58,2556511.06,1347623.52,5,300,300,3184,D,P,4,10.3.1.3,2019,1,2018,4,11,30
2018-11-30,35406650,35406660,"FHA-General and Special Risk Fund, Liquidating Account",13501925.74,24545130.77,-11043205.03,19875102.94,40475641.28,-20600538.34,19719790.01,40150622.22,-20430832.21,5,301,301,3187,D,P,4,10.3.1.4,2019,1,2018,4,11,30
2018-11-30,35406650,35406662,"Housing for the Elderly or Handicapped Fund, Liquidating Account",-10902444.70,5606199.72,-16508644.42,-22101464.71,12226881.97,-34328346.68,182224.78,40561061.30,-40378836.52,5,302,302,3189,D,P,4,10.3.1.5,2019,1,2018,4,11,30
2018-11-30,35406648,35406664,HUD Project-Based Rental Assistance,1002854143.65,null,1002854143.65,2004226923.68,null,2004226923.68,1936878914.36,null,1936878914.36,5,303,303,14220,D,P,3,10.3.2,2019,1,2018,4,11,30
2018-11-30,35406648,35406668,Housing for the Elderly,61603859.15,null,61603859.15,122811487.68,null,122811487.68,120293671.96,null,120293671.96,5,304,304,3191,D,P,3,10.3.3,2019,1,2018,4,11,30
2018-11-30,35406648,35406670,Housing for Persons with Disabilities,14635695.22,null,14635695.22,29299913.55,null,29299913.55,28823347.09,null,28823347.09,5,305,305,3192,D,P,3,10.3.4,2019,1,2018,4,11,30
2018-11-30,35406648,35406672,Other Assisted Housing Programs,7646685.78,null,7646685.78,15754749.01,null,15754749.01,20158703.04,null,20158703.04,5,306,306,3193,D,P,3,10.3.5,2019,1,2018,4,11,30
2018-11-30,35406648,35406676,Total--Housing Programs,615477532.11,36211278.06,579266254.05,1119102573.74,63475664.10,1055626909.64,873962014.51,87637774.87,786324239.64,5,308,308,3195,T,B,3,10.3.7,2019,1,2018,4,11,30
2018-11-30,35406678,35406680,Guarantees of Mortgage-Backed Securities,-18688062.45,234773.98,-18922836.43,-45794392.99,540605.52,-46334998.51,-21176607.51,316427.02,-21493034.53,5,310,310,3197,D,P,3,10.4.1,2019,1,2018,4,11,30
2018-11-30,35406610,35406682,Management and Administration,120913197.27,null,120913197.27,247029997.58,null,247029997.58,266374640.88,null,266374640.88,5,311,311,3260,D,B,2,10.5,2019,1,2018,4,11,30
2018-11-30,35406610,35406698,Total--Department of Housing and Urban Development,3749399140.11,85681578.04,3663717562.07,7607735266.90,162157210.98,7445578055.92,7149282336.20,187525868.17,6961756468.03,5,318,318,3286,T,C,2,10.10,2019,1,2018,4,11,30
2018-11-30,35406700,35406702,Land and Minerals Management:,null,null,null,null,null,null,null,null,null,5,320,320,3288,S,BG,2,11.1,2019,1,2018,4,11,30
2018-11-30,35406702,35406704,Bureau of Land Management:,null,null,null,null,null,null,null,null,null,5,321,321,3289,S,B,3,11.1.1,2019,1,2018,4,11,30
2018-11-30,35406704,35406706,Management of Lands and Resources,94261922.86,null,94261922.86,173610226.36,null,173610226.36,166133360.86,null,166133360.86,5,322,322,3301,D,P,4,11.1.1.1,2019,1,2018,4,11,30
2018-11-30,35406704,35406708,Other,24369842.86,4885628.61,19484214.25,50801941.13,9199769.08,41602172.05,45471685.29,11277919.99,34193765.30,5,323,323,3315,D,P,4,11.1.1.2,2019,1,2018,4,11,30
2018-11-30,35406702,35406710,Bureau of Ocean Energy Management,8152527.77,null,8152527.77,18852149.85,null,18852149.85,23753191.93,null,23753191.93,5,324,324,3317,D,B,3,11.1.2,2019,1,2018,4,11,30
2018-11-30,35406702,35406712,Office of Surface Mining Reclamation and Enforcement,65716116.11,null,65716116.11,95366514.91,null,95366514.91,112632808.96,null,112632808.96,5,325,325,3319,D,B,3,11.1.3,2019,1,2018,4,11,30
2018-11-30,35406702,35406714,Total--Land and Minerals Management,192500409.60,4885628.61,187614780.99,338630832.25,9199769.08,329431063.17,347991047.04,11277919.99,336713127.05,5,326,326,3320,T,BG,3,11.1.4,2019,1,2018,4,11,30
2018-11-30,35406700,35406716,Water and Science:,null,null,null,null,null,null,null,null,null,5,327,327,3322,S,BG,2,11.2,2019,1,2018,4,11,30
2018-11-30,35406716,35406718,Bureau of Reclamation:,null,null,null,null,null,null,null,null,null,5,328,328,3324,S,B,3,11.2.1,2019,1,2018,4,11,30
2018-11-30,35406718,35406720,Water and Related Resources,72748247.63,null,72748247.63,184331873.00,null,184331873.00,127048866.75,null,127048866.75,5,329,329,3333,D,P,4,11.2.1.1,2019,1,2018,4,11,30
2018-11-30,35406718,35406722,Other,50575598.38,10270572.52,40305025.86,101452082.78,33545319.46,67906763.32,87380108.64,32201719.09,55178389.55,5,330,330,3335,D,P,4,11.2.1.2,2019,1,2018,4,11,30
2018-11-30,35406716,35406724,Central Utah Project,11603594.77,null,11603594.77,11786277.42,null,11786277.42,5769247.24,null,5769247.24,5,331,331,3343,D,B,3,11.2.2,2019,1,2018,4,11,30
2018-11-30,35406716,35406726,United States Geological Survey,102128164.43,null,102128164.43,193894036.41,null,193894036.41,182223083.74,null,182223083.74,5,332,332,3337,D,B,3,11.2.3,2019,1,2018,4,11,30
2018-11-30,35406716,35406728,Total--Water and Science,237055605.21,10270572.52,226785032.69,491464269.61,33545319.46,457918950.15,402421306.37,32201719.09,370219587.28,5,333,333,3344,T,BG,3,11.2.4,2019,1,2018,4,11,30
2018-11-30,35406700,35406730,Fish and Wildlife and Parks:,null,null,null,null,null,null,null,null,null,5,334,334,3345,S,BG,2,11.3,2019,1,2018,4,11,30
2018-11-30,35407324,35407326,The White House,5737705.78,null,5737705.78,9970366.53,null,9970366.53,8285477.71,null,8285477.71,5,570,570,4304,D,B,2,21.1,2019,1,2018,4,11,30
2018-11-30,35406730,35406732,United States Fish and Wildlife Service,285644994.25,null,285644994.25,481477682.34,null,481477682.34,495637328.36,null,495637328.36,5,335,335,3350,D,B,3,11.3.1,2019,1,2018,4,11,30
2018-11-30,35406730,35406734,National Park Service,253578544.78,null,253578544.78,535032000.59,null,535032000.59,523182305.30,null,523182305.30,5,336,336,3355,D,B,3,11.3.2,2019,1,2018,4,11,30
2018-11-30,35406730,35406736,Total--Fish and Wildlife and Parks,539223539.03,null,539223539.03,1016509682.93,null,1016509682.93,1018819633.66,null,1018819633.66,5,337,337,3360,T,BG,3,11.3.3,2019,1,2018,4,11,30
2018-11-30,35406738,35406740,Bureau of Indian Affairs and Bureau of Indian Education,219110032.15,50567.42,219059464.73,424814250.29,101129.32,424713120.97,262813570.12,20397.69,262793172.43,5,339,339,3410,D,B,3,11.4.1,2019,1,2018,4,11,30
2018-11-30,35406738,35406742,Total--Indian Affairs,219110032.15,50567.42,219059464.73,424814250.29,101129.32,424713120.97,262813570.12,20397.69,262793172.43,5,340,340,14250,T,BG,3,11.4.2,2019,1,2018,4,11,30
2018-11-30,35406744,35406749,Mineral Leasing and Associated Payments,569708410.03,null,569708410.03,799283245.17,null,799283245.17,283146072.55,null,283146072.55,5,342,342,3413,D,P,3,11.5.1,2019,1,2018,4,11,30
2018-11-30,35406744,35406751,Other,26795283.32,null,26795283.32,51549513.39,null,51549513.39,83140792.81,null,83140792.81,5,343,343,3414,D,P,3,11.5.2,2019,1,2018,4,11,30
2018-11-30,35406744,35406753,Insular Affairs,14272512.85,null,14272512.85,82396093.45,null,82396093.45,79472207.76,null,79472207.76,5,344,344,3415,D,B,3,11.5.3,2019,1,2018,4,11,30
2018-11-30,35406744,35406757,Office of the Special Trustee for American Indians,17535137.56,null,17535137.56,28098087.48,null,28098087.48,40613189.27,null,40613189.27,5,345,345,3418,D,B,3,11.5.4,2019,1,2018,4,11,30
2018-11-30,35406744,35406759,Department-Wide Programs,49714687.49,null,49714687.49,237718917.08,null,237718917.08,564813331.81,null,564813331.81,5,346,346,3419,D,B,3,11.5.5,2019,1,2018,4,11,30
2018-11-30,35406744,35406761,Total--Departmental Offices,678026031.25,null,678026031.25,1199045856.57,null,1199045856.57,1051185594.20,null,1051185594.20,5,347,347,14263,T,BG,3,11.5.6,2019,1,2018,4,11,30
2018-11-30,null,35405894,Legislative Branch:,null,null,null,null,null,null,null,null,null,5,1,1,1000,S,C,1,1,2019,1,2018,4,11,30
2018-11-30,35406700,35406763,Other,24528217.55,null,24528217.55,44064158.90,null,44064158.90,49337450.54,null,49337450.54,5,348,348,3420,D,P,2,11.6,2019,1,2018,4,11,30
2018-11-30,35406700,35406767,Proprietary Receipts from the Public,null,1316509560.03,-1316509560.03,null,1715466304.03,-1715466304.03,null,684584284.44,-684584284.44,5,349,349,3427,D,P,2,11.7,2019,1,2018,4,11,30
2018-11-30,35406700,35406771,Intrabudgetary Transactions,-81069952.50,null,-81069952.50,851862660.41,null,851862660.41,-114657539.97,null,-114657539.97,5,350,350,3428,D,P,2,11.8,2019,1,2018,4,11,30
2018-11-30,35406700,35406775,Total--Department of the Interior,1809373882.29,1331716328.58,477657553.71,4366391710.96,1758312521.89,2608079189.07,3017911061.96,728084321.21,2289826740.75,5,351,351,3430,T,C,2,11.9,2019,1,2018,4,11,30
2018-11-30,35406779,35406783,General Administration,172660936.10,null,172660936.10,250735804.15,null,250735804.15,282104165.16,null,282104165.16,5,353,353,3485,D,B,2,12.1,2019,1,2018,4,11,30
2018-11-30,35406779,35406787,Legal Activities and U.S. Marshals:,null,null,null,null,null,null,null,null,null,5,354,354,3490,S,B,2,12.2,2019,1,2018,4,11,30
2018-11-30,35406787,35406791,General Legal Activities,169844564.11,null,169844564.11,313244668.80,null,313244668.80,311495124.73,null,311495124.73,5,355,355,3491,D,P,3,12.2.1,2019,1,2018,4,11,30
2018-11-30,35406787,35406795,United States Attorneys,133995822.20,null,133995822.20,280761271.65,null,280761271.65,282375332.84,null,282375332.84,5,356,356,3492,D,P,3,12.2.2,2019,1,2018,4,11,30
2018-11-30,35406787,35406799,United States Marshals Service,109584809.15,null,109584809.15,207362972.32,null,207362972.32,189173716.07,null,189173716.07,5,357,357,3501,D,P,3,12.2.3,2019,1,2018,4,11,30
2018-11-30,35406787,35406803,Assets Forfeiture Fund,777361925.64,null,777361925.64,827428790.23,null,827428790.23,851962174.80,null,851962174.80,5,358,358,3504,D,P,3,12.2.4,2019,1,2018,4,11,30
2018-11-30,35406787,35406807,Other,175252981.42,null,175252981.42,340516617.56,null,340516617.56,300204282.92,null,300204282.92,5,359,359,3505,D,P,3,12.2.5,2019,1,2018,4,11,30
2018-11-30,35406779,35406811,Federal Bureau of Investigation,672427149.04,null,672427149.04,1461585578.04,null,1461585578.04,1456331799.57,null,1456331799.57,5,360,360,3510,D,B,2,12.3,2019,1,2018,4,11,30
2018-11-30,35406779,35406815,Drug Enforcement Administration,167419665.20,null,167419665.20,365104864.35,null,365104864.35,406406661.05,null,406406661.05,5,361,361,3517,D,B,2,12.4,2019,1,2018,4,11,30
2018-11-30,35406779,35406819,"Bureau of Alcohol, Tobacco, Firearms, and Explosives",93737602.39,null,93737602.39,192541510.74,null,192541510.74,197832489.58,null,197832489.58,5,362,362,3518,D,B,2,12.5,2019,1,2018,4,11,30
2018-11-30,35406779,35406823,Federal Prison System,601630988.87,29287879.56,572343109.31,1222550917.99,62319078.11,1160231839.88,1167580655.76,64780948.86,1102799706.90,5,363,363,3520,D,B,2,12.6,2019,1,2018,4,11,30
2018-11-30,35406827,35406831,State and Local Law Enforcement Assistance,66004758.34,null,66004758.34,133776342.31,null,133776342.31,119768913.48,null,119768913.48,5,365,365,3527,D,P,3,12.7.1,2019,1,2018,4,11,30
2018-11-30,35406827,35406835,Community Oriented Policing Services,13361615.87,null,13361615.87,29577018.22,null,29577018.22,32078392.16,null,32078392.16,5,366,366,3528,D,P,3,12.7.2,2019,1,2018,4,11,30
2018-11-30,35406827,35406839,Crime Victims Fund,157432514.22,null,157432514.22,303367009.19,null,303367009.19,214473125.78,null,214473125.78,5,367,367,3529,D,P,3,12.7.3,2019,1,2018,4,11,30
2018-11-30,35406827,35406843,Other,99955585.85,null,99955585.85,195910144.87,null,195910144.87,190978906.37,null,190978906.37,5,368,368,3530,D,P,3,12.7.4,2019,1,2018,4,11,30
2018-11-30,35406779,35406847,Other,79867421.29,null,79867421.29,93425740.85,null,93425740.85,36867706.41,null,36867706.41,5,369,369,3535,D,P,2,12.8,2019,1,2018,4,11,30
2018-11-30,35406779,35406851,Proprietary Receipts from the Public,null,536502797.81,-536502797.81,null,1310801277.53,-1310801277.53,null,46228026.95,-46228026.95,5,370,370,3540,D,P,2,12.9,2019,1,2018,4,11,30
2018-11-30,35406779,35406855,Intrabudgetary Transactions,425263903.07,null,425263903.07,153208710.13,null,153208710.13,593996505.00,null,593996505.00,5,371,371,3545,D,P,2,12.10,2019,1,2018,4,11,30
2018-11-30,35406779,35406859,Offsetting Governmental Receipts,null,70714199.36,-70714199.36,null,106940216.44,-106940216.44,null,72212116.41,-72212116.41,5,372,372,3546,D,P,2,12.11,2019,1,2018,4,11,30
2018-11-30,35406779,35406863,Total--Department of Justice,3915802242.76,636504876.73,3279297366.03,6371097961.40,1480060572.08,4891037389.32,6633629951.68,183221092.22,6450408859.46,5,373,373,3549,T,C,2,12.12,2019,1,2018,4,11,30
2018-11-30,35406867,35406871,Employment and Training Administration:,null,null,null,null,null,null,null,null,null,5,375,375,3600,S,B,2,13.1,2019,1,2018,4,11,30
2018-11-30,35406871,35406875,Training and Employment Services,252408487.88,null,252408487.88,527284891.04,null,527284891.04,475629295.21,null,475629295.21,5,376,376,3601,D,P,3,13.1.1,2019,1,2018,4,11,30
2018-11-30,35406871,35406878,Office of Job Corps,101684213.75,null,101684213.75,237853320.74,null,237853320.74,243967056.28,null,243967056.28,5,377,377,3602,D,P,3,13.1.2,2019,1,2018,4,11,30
2018-11-30,35406871,35406881,Community Service Employment for Older Americans,31911791.72,null,31911791.72,64139026.00,null,64139026.00,64018423.42,null,64018423.42,5,378,378,3603,D,P,3,13.1.3,2019,1,2018,4,11,30
2018-11-30,35406871,35406885,Federal Unemployment Benefits and Allowances,29097422.76,null,29097422.76,56761579.23,null,56761579.23,80421205.58,null,80421205.58,5,379,379,3607,D,P,3,13.1.4,2019,1,2018,4,11,30
2018-11-30,35406871,35406889,Federal Additional Unemployment Compensation Program-Recovery Act,-81015.72,null,-81015.72,-499953.80,null,-499953.80,-306675.56,null,-306675.56,5,380,380,3609,D,P,3,13.1.5,2019,1,2018,4,11,30
2018-11-30,35406871,35406893,State Unemployment Insurance and Employment Service Operations,3821280.91,null,3821280.91,-158381812.10,null,-158381812.10,-114985143.73,null,-114985143.73,5,381,381,3612,D,P,3,13.1.6,2019,1,2018,4,11,30
2018-11-30,35406871,35406897,Payments to the Unemployment Trust Fund,2000000.00,null,2000000.00,2000000.00,null,2000000.00,3000000.00,null,3000000.00,5,382,382,3613,D,P,3,13.1.7,2019,1,2018,4,11,30
2018-11-30,35406871,35406905,Program Administration,6076719.77,null,6076719.77,13197179.44,null,13197179.44,13428831.37,null,13428831.37,5,383,383,3618,D,P,3,13.1.8,2019,1,2018,4,11,30
2018-11-30,35406871,35406909,Unemployment Trust Fund:,null,null,null,null,null,null,null,null,null,5,384,384,3623,S,P,3,13.1.9,2019,1,2018,4,11,30
2018-11-30,35406913,35406916,State Unemployment Benefits,1890341004.48,null,1890341004.48,3875532039.57,null,3875532039.57,4258120664.09,null,4258120664.09,5,386,386,3625,D,P,5,13.1.9.1.1,2019,1,2018,4,11,30
2018-11-30,35406909,35406919,State Administrative Expenses,316000000.00,null,316000000.00,731000000.00,null,731000000.00,707000000.00,null,707000000.00,5,387,387,3630,D,P,4,13.1.9.2,2019,1,2018,4,11,30
2018-11-30,35406909,35406921,Federal Administrative Expenses,10662033.00,null,10662033.00,22474929.21,null,22474929.21,24180165.48,null,24180165.48,5,388,388,3635,D,P,4,13.1.9.3,2019,1,2018,4,11,30
2018-11-30,35406909,35406925,Other,104888.60,null,104888.60,2841204.08,null,2841204.08,10036864.32,null,10036864.32,5,389,389,3650,D,P,4,13.1.9.4,2019,1,2018,4,11,30
2018-11-30,35406909,35406926,Total--Unemployment Trust Fund,2217107926.08,null,2217107926.08,4631848172.86,null,4631848172.86,4999337693.89,null,4999337693.89,5,390,390,3652,T,P,4,13.1.9.5,2019,1,2018,4,11,30
2018-11-30,35406871,35406928,Other,5731777.57,null,5731777.57,11866322.66,null,11866322.66,29187292.11,null,29187292.11,5,391,391,3653,D,P,3,13.1.10,2019,1,2018,4,11,30
2018-11-30,35406871,35406929,Total--Employment and Training Administration,2649758604.72,null,2649758604.72,5386068726.07,null,5386068726.07,5793697978.57,null,5793697978.57,5,392,392,3654,T,B,3,13.1.11,2019,1,2018,4,11,30
2018-11-30,35406867,35406931,Pension Benefit Guaranty Corporation,541290123.20,257714792.18,283575331.02,1082172909.79,4854135709.08,-3771962799.29,1050019990.23,5549099572.97,-4499079582.74,5,393,393,3662,D,B,2,13.2,2019,1,2018,4,11,30
2018-11-30,35406867,35406934,Office of Workers' Compensation Programs:,null,null,null,null,null,null,null,null,null,5,394,394,3667,S,B,2,13.3,2019,1,2018,4,11,30
2018-11-30,35406934,35406936,Special Benefits,40117948.28,null,40117948.28,-1177551461.64,null,-1177551461.64,-924134801.03,null,-924134801.03,5,395,395,3670,D,P,3,13.3.1,2019,1,2018,4,11,30
2018-11-30,35406934,35406937,Energy Employees Occupational Illness Compensation Fund,125334547.31,null,125334547.31,222276493.64,null,222276493.64,215071644.67,null,215071644.67,5,396,396,3672,D,P,3,13.3.2,2019,1,2018,4,11,30
2018-11-30,35406934,35406939,Special Benefits for Disabled Coal Miners,5903599.71,null,5903599.71,12002334.46,null,12002334.46,13820999.03,null,13820999.03,5,397,397,3673,D,P,3,13.3.3,2019,1,2018,4,11,30
2018-11-30,35406934,35406941,Black Lung Disability Trust Fund,21192186.40,null,21192186.40,36826265.76,null,36826265.76,34513287.34,null,34513287.34,5,398,398,3674,D,P,3,13.3.4,2019,1,2018,4,11,30
2018-11-30,35406934,35406943,Other,30081139.18,null,30081139.18,60432725.22,null,60432725.22,56859883.38,null,56859883.38,5,399,399,3675,D,P,3,13.3.5,2019,1,2018,4,11,30
2018-11-30,35406867,35406945,Wage and Hour Division,17243298.95,null,17243298.95,34762703.82,null,34762703.82,35906216.76,null,35906216.76,5,400,400,3677,D,B,2,13.4,2019,1,2018,4,11,30
2018-11-30,35406867,35406947,Occupational Safety and Health Administration,35200428.45,null,35200428.45,70030605.56,null,70030605.56,69965835.05,null,69965835.05,5,401,401,3680,D,B,2,13.5,2019,1,2018,4,11,30
2018-11-30,35406867,35406949,Mine Safety and Health Administration,25486502.63,null,25486502.63,49319042.59,null,49319042.59,48613764.04,null,48613764.04,5,402,402,3682,D,B,2,13.6,2019,1,2018,4,11,30
2018-11-30,35406867,35406951,Bureau of Labor Statistics,37213858.79,null,37213858.79,68507805.50,null,68507805.50,72341298.46,null,72341298.46,5,403,403,3685,D,B,2,13.7,2019,1,2018,4,11,30
2018-11-30,35406867,35406953,Departmental Management,71719346.57,null,71719346.57,162587510.30,null,162587510.30,188093199.79,null,188093199.79,5,404,404,3687,D,B,2,13.8,2019,1,2018,4,11,30
2018-11-30,35406867,35406955,Other,20620843.68,null,20620843.68,43185553.92,null,43185553.92,44482991.76,null,44482991.76,5,405,405,3690,D,P,2,13.9,2019,1,2018,4,11,30
2018-11-30,35406867,35406957,Proprietary Receipts from the Public,null,281649.21,-281649.21,null,557373.25,-557373.25,null,684681.57,-684681.57,5,406,406,3698,D,P,2,13.10,2019,1,2018,4,11,30
2018-11-30,35406867,35406961,Total--Department of Labor,3543798257.81,257996441.39,3285801816.42,5973105758.81,4854693082.33,1118412676.48,6629488453.41,5549784254.54,1079704198.87,5,408,408,3700,T,C,2,13.12,2019,1,2018,4,11,30
2018-11-30,35406963,35406965,Administration of Foreign Affairs:,null,null,null,null,null,null,null,null,null,5,410,410,3704,S,B,2,14.1,2019,1,2018,4,11,30
2018-11-30,35406965,35406967,Diplomatic and Consular Programs,858543525.83,null,858543525.83,1740396355.12,null,1740396355.12,1110433359.07,null,1110433359.07,5,411,411,3755,D,P,3,14.1.1,2019,1,2018,4,11,30
2018-11-30,35406965,35406969,Educational and Cultural Exchange Programs,50605670.55,null,50605670.55,126129821.03,null,126129821.03,128277232.43,null,128277232.43,5,412,412,3758,D,P,3,14.1.2,2019,1,2018,4,11,30
2018-11-30,35406965,35406971,"Embassy Security, Construction, and Maintenance",143846657.62,null,143846657.62,315267933.03,null,315267933.03,409547436.44,null,409547436.44,5,413,413,3760,D,P,3,14.1.3,2019,1,2018,4,11,30
2018-11-30,35406965,35406973,Payment to Foreign Service Retirement and Disability Fund,29603070.00,null,29603070.00,29603070.00,null,29603070.00,null,null,null,5,414,414,3765,D,P,3,14.1.4,2019,1,2018,4,11,30
2018-11-30,35406965,35406975,Foreign Service Retirement and Disability Fund,80174935.86,null,80174935.86,160049188.97,null,160049188.97,158384467.86,null,158384467.86,5,415,415,3770,D,P,3,14.1.5,2019,1,2018,4,11,30
2018-11-30,35406965,35406977,Other,273863508.57,null,273863508.57,285425524.21,null,285425524.21,312655955.61,null,312655955.61,5,416,416,3775,D,P,3,14.1.6,2019,1,2018,4,11,30
2018-11-30,35406965,35406979,Total--Administration of Foreign Affairs,1436637368.43,null,1436637368.43,2656871892.36,null,2656871892.36,2119298451.41,null,2119298451.41,5,417,417,3776,T,B,3,14.1.7,2019,1,2018,4,11,30
2018-11-30,35406963,35406981,International Organizations and Conferences,565573759.58,null,565573759.58,1249319538.21,null,1249319538.21,711711668.53,null,711711668.53,5,418,418,3780,D,B,2,14.2,2019,1,2018,4,11,30
2018-11-30,35406963,35406983,Global Health and Child Survival,1226699768.68,null,1226699768.68,1855835147.95,null,1855835147.95,1373126556.97,null,1373126556.97,5,419,419,3785,D,P,2,14.3,2019,1,2018,4,11,30
2018-11-30,35406550,35406552,Payments for Health Insurance for the Aged:,null,null,null,null,null,null,null,null,null,5,249,249,3022,S,P,3,8.14.1,2019,1,2018,4,11,30
2018-11-30,35406700,35406744,Departmental Offices:,null,null,null,null,null,null,null,null,null,5,341,341,3412,S,BG,2,11.5,2019,1,2018,4,11,30
2018-11-30,35406963,35406985,Migration and Refugee Assistance,156816674.13,null,156816674.13,702976585.64,null,702976585.64,348545787.34,null,348545787.34,5,420,420,3790,D,P,2,14.4,2019,1,2018,4,11,30
2018-11-30,35406963,35406987,International Narcotics Control and Law Enforcement,77844122.01,null,77844122.01,174261287.88,null,174261287.88,160806705.85,null,160806705.85,5,421,421,3792,D,P,2,14.5,2019,1,2018,4,11,30
2018-11-30,35406963,35406989,Andean Counterdrug Programs,23704.01,null,23704.01,46250.20,null,46250.20,11951.84,null,11951.84,5,422,422,3793,D,P,2,14.6,2019,1,2018,4,11,30
2018-11-30,35406963,35406993,Proprietary Receipts from the Public,null,233927417.28,-233927417.28,null,471485752.87,-471485752.87,null,3267943.92,-3267943.92,5,424,424,3797,D,P,2,14.8,2019,1,2018,4,11,30
2018-11-30,35406963,35406995,Intrabudgetary Transactions,1094038.20,null,1094038.20,19349057.09,null,19349057.09,-59142944.53,null,-59142944.53,5,425,425,3798,D,P,2,14.9,2019,1,2018,4,11,30
2018-11-30,35406963,35406997,Total--Department of State,3501932439.24,233927417.28,3268005021.96,6739007652.40,471485752.87,6267521899.53,4731743231.57,3267943.92,4728475287.65,5,426,426,3800,T,C,2,14.10,2019,1,2018,4,11,30
2018-11-30,35406999,35407001,Office of the Secretary,79311683.56,null,79311683.56,91538646.35,null,91538646.35,121785180.56,null,121785180.56,5,428,428,3804,D,B,2,15.1,2019,1,2018,4,11,30
2018-11-30,35406999,35407005,Federal Aviation Administration:,null,null,null,null,null,null,null,null,null,5,429,429,3821,S,B,2,15.2,2019,1,2018,4,11,30
2018-11-30,35407005,35407007,Operations,111308571.75,null,111308571.75,498873751.24,null,498873751.24,62620240.21,null,62620240.21,5,430,430,3825,D,P,3,15.2.1,2019,1,2018,4,11,30
2018-11-30,35407005,35407009,Airport and Airway Trust Fund:,null,null,null,null,null,null,null,null,null,5,431,431,3828,S,P,3,15.2.2,2019,1,2018,4,11,30
2018-11-30,35407009,35407011,Grants-In-Aid for Airports,415703556.63,null,415703556.63,732604713.98,null,732604713.98,535683921.88,null,535683921.88,5,432,432,3831,D,P,4,15.2.2.1,2019,1,2018,4,11,30
2018-11-30,35407009,35407013,Facilities and Equipment,224015842.85,null,224015842.85,436494622.17,null,436494622.17,383626455.32,null,383626455.32,5,433,433,3835,D,P,4,15.2.2.2,2019,1,2018,4,11,30
2018-11-30,35407009,35407015,"Research, Engineering, and Development",10624967.71,null,10624967.71,22927759.10,null,22927759.10,25680515.85,null,25680515.85,5,434,434,3888,D,P,4,15.2.2.3,2019,1,2018,4,11,30
2018-11-30,35407009,35407017,Trust Fund Share of FAA Operations,650000000.00,null,650000000.00,1050000000.00,null,1050000000.00,1427994529.00,null,1427994529.00,5,435,435,3891,D,P,4,15.2.2.4,2019,1,2018,4,11,30
2018-11-30,35407009,35407019,Total--Airport and Airway Trust Fund,1300344367.19,null,1300344367.19,2242027095.25,null,2242027095.25,2372985422.05,null,2372985422.05,5,436,436,3893,T,P,4,15.2.2.5,2019,1,2018,4,11,30
2018-11-30,35407005,35407021,Other,24233653.14,879375.34,23354277.80,7216806.12,2167392.85,5049413.27,37086327.75,5178571.43,31907756.32,5,437,437,3896,D,P,3,15.2.3,2019,1,2018,4,11,30
2018-11-30,35407005,35407023,Total--Federal Aviation Administration,1435886592.08,879375.34,1435007216.74,2748117652.61,2167392.85,2745950259.76,2472691990.01,5178571.43,2467513418.58,5,438,438,3899,T,B,3,15.2.4,2019,1,2018,4,11,30
2018-11-30,35407027,35407029,Federal-Aid Highways,3833277895.12,null,3833277895.12,7799989645.00,null,7799989645.00,7510126180.50,null,7510126180.50,5,441,441,3912,D,P,4,15.3.1.1,2019,1,2018,4,11,30
2018-11-30,35407027,35407031,Other,174517.69,null,174517.69,480955.11,null,480955.11,723058.20,null,723058.20,5,442,442,3917,D,P,4,15.3.1.2,2019,1,2018,4,11,30
2018-11-30,35406564,35406578,United States Coast Guard,1109639189.73,null,1109639189.73,2292230689.53,null,2292230689.53,1724015483.16,null,1724015483.16,5,262,262,3070,D,B,2,9.7,2019,1,2018,4,11,30
2018-11-30,null,35406867,Department of Labor:,null,null,null,null,null,null,null,null,null,5,374,374,3599,S,C,1,13,2019,1,2018,4,11,30
2018-11-30,35407025,35407035,Other Programs,127913641.58,null,127913641.58,220628943.93,null,220628943.93,85959701.33,null,85959701.33,5,443,443,3927,D,P,3,15.3.2,2019,1,2018,4,11,30
2018-11-30,35407025,35407037,Total--Federal Highway Administration,3961366054.39,null,3961366054.39,8021099544.04,null,8021099544.04,7596808940.03,null,7596808940.03,5,444,444,3935,T,B,3,15.3.3,2019,1,2018,4,11,30
2018-11-30,35406999,35407039,Federal Motor Carrier Safety Administration,47098356.66,null,47098356.66,86821595.44,null,86821595.44,81262939.94,null,81262939.94,5,445,445,3937,D,B,2,15.4,2019,1,2018,4,11,30
2018-11-30,35406999,35407041,National Highway Traffic Safety Administration,99302307.39,null,99302307.39,178259513.51,null,178259513.51,183760984.79,null,183760984.79,5,446,446,3940,D,B,2,15.5,2019,1,2018,4,11,30
2018-11-30,35406999,35407043,Federal Railroad Administration:,null,null,null,null,null,null,null,null,null,5,447,447,3948,S,B,2,15.6,2019,1,2018,4,11,30
2018-11-30,35407043,35407047,Capital and Debt Service Grants to the National Railroad Passenger Corporation,805769.55,null,805769.55,853603.75,null,853603.75,47671667.00,null,47671667.00,5,448,448,3953,D,P,3,15.6.1,2019,1,2018,4,11,30
2018-11-30,35407043,35407051,Other,24101976.09,null,24101976.09,47455608.28,null,47455608.28,42316654.03,null,42316654.03,5,449,449,3956,D,P,3,15.6.2,2019,1,2018,4,11,30
2018-11-30,35407043,35407053,Total--Federal Railroad Administration,24907745.64,null,24907745.64,48309212.03,null,48309212.03,89988321.03,null,89988321.03,5,450,450,3958,T,B,3,15.6.3,2019,1,2018,4,11,30
2018-11-30,35406999,35407055,Federal Transit Administration:,null,null,null,null,null,null,null,null,null,5,451,451,3960,S,B,2,15.7,2019,1,2018,4,11,30
2018-11-30,35407055,35407057,Formula Grants,1306363.00,null,1306363.00,1688072.00,null,1688072.00,1769974.00,null,1769974.00,5,452,452,3963,D,P,3,15.7.1,2019,1,2018,4,11,30
2018-11-30,35407055,35407059,Capital Investment Grants,188972362.87,null,188972362.87,225570996.33,null,225570996.33,286239602.91,null,286239602.91,5,453,453,3965,D,P,3,15.7.2,2019,1,2018,4,11,30
2018-11-30,35407055,35407061,Transit Formula Grants,750120869.20,null,750120869.20,1420035929.70,null,1420035929.70,1524513775.35,null,1524513775.35,5,454,454,3970,D,P,3,15.7.3,2019,1,2018,4,11,30
2018-11-30,35407055,35407067,Total--Federal Transit Administration,1005937601.33,null,1005937601.33,1820374368.84,null,1820374368.84,1929761694.17,null,1929761694.17,5,456,456,3975,T,B,3,15.7.5,2019,1,2018,4,11,30
2018-11-30,35406999,35407069,Maritime Administration,-225424899.19,164894.00,-225589793.19,-172983002.53,234270.27,-173217272.80,87679380.61,285017.80,87394362.81,5,457,457,3977,D,B,2,15.8,2019,1,2018,4,11,30
2018-11-30,35406999,35407071,Other,45649730.40,3640400.40,42009330.00,87556722.09,7723437.12,79833284.97,71026210.76,3112288.58,67913922.18,5,458,458,3980,D,P,2,15.9,2019,1,2018,4,11,30
2018-11-30,35406999,35407073,Proprietary Receipts from the Public,null,2855401.01,-2855401.01,null,29227793.31,-29227793.31,null,28640062.13,-28640062.13,5,459,459,3990,D,P,2,15.10,2019,1,2018,4,11,30
2018-11-30,35406999,35407075,Intrabudgetary Transactions:,null,null,null,null,null,null,null,null,null,5,460,460,3995,S,P,2,15.11,2019,1,2018,4,11,30
2018-11-30,35406999,35407081,Offsetting Governmental Receipts,null,4649.82,-4649.82,null,2980674.63,-2980674.63,null,1117358.27,-1117358.27,5,462,462,3999,D,P,2,15.12,2019,1,2018,4,11,30
2018-11-30,35407087,35407089,Exchange Stabilization Fund,6668966.95,41188689.92,-34519722.97,6668966.95,85744536.55,-79075569.60,8360122.23,43353121.45,-34992999.22,5,466,466,4052,D,P,3,16.1.1,2019,1,2018,4,11,30
2018-11-30,35407087,35407091,Grants for Specified Energy Property in Lieu of Tax Credit,null,null,null,null,null,null,15787204.00,null,15787204.00,5,467,467,4053,D,P,3,16.1.2,2019,1,2018,4,11,30
